Заявка;Тип заявки BK;Тип заявки HD;Начало;Окончание;Район;Адрес;Гигабитное подключение
700001;Глобальная проблема;Авария;17.08.2026 0:01;17.08.2026 23:59;Гагаринский;Город Москва, улица Вавилова, д. 9;Нет
700002;Подключение;Конвергенция абонента;17.08.2026 12:00;17.08.2026 14:00;Митино;Город Москва, улица Митинская, д. 23;Нет
700003;Локальная заявка;Нет линка;17.08.2026 18:00;17.08.2026 20:00;Таганский;Город Москва, Таганская улица, д. 19;Нет
700004;Локальная заявка;Нет линка;17.08.2026 12:00;17.08.2026 14:00;Зеленоград, Старое Крюково;Город Москва, Зеленоград, корпус 806;Нет
700005;Подключение;Конвергенция абонента;17.08.2026 12:00;17.08.2026 14:00;Солнцево;Город Москва, Солнцевский проспект, д. 4;Нет
700006;Подключение;Заказ подключения/Дозаказ оборудования;17.08.2026 10:00;17.08.2026 12:00;Пресненский;Город Москва, улица Красная Пресня, д. 7;Нет
700007;Локальная заявка;Рост ошибок на порту;17.08.2026 14:00;17.08.2026 16:00;Хорошёво-Мнёвники;Город Москва, улица Маршала Тухачевского, д. 27;Нет
700008;Подключение;Конвергенция абонента;17.08.2026 10:00;17.08.2026 12:00;Люблино;Город Москва, улица Совхозная, д. 5;Нет
700009;Локальная заявка;TVE/ENT. Замена приставки техником;17.08.2026 16:00;17.08.2026 18:00;Коптево;Город Москва, улица Большая Академическая, д. 1;Нет
700010;Подключение;Конвергенция абонента;17.08.2026 12:00;17.08.2026 14:00;Чертаново Южное;Город Москва, улица Чертановская, д. 3;Нет
700011;Глобальная проблема;Информация;17.08.2026 14:00;17.08.2026 16:00;Тверской;Город Москва, Тверская улица, д. 5;Нет
700012;Подключение;Конвергенция абонента;17.08.2026 14:00;17.08.2026 16:00;Вешняки;Город Москва, улица Вешняковская, д. 19;Нет
700013;Подключение;Конвергенция абонента;17.08.2026 20:00;17.08.2026 22:00;Лосиноостровский;Город Москва, улица Изумрудная, д. 30;Нет
700014;Локальная заявка;Переключение на Гбит/с;17.08.2026 18:00;17.08.2026 20:00;Западное Дегунино;Город Москва, улица Дегунинская, д. 6;Нет
700015;Локальная заявка;Нет линка;17.08.2026 12:00;17.08.2026 14:00;Некрасовка;Город Москва, улица Рождественская, д. 2;Нет
700016;Подключение;Конвергенция абонента;17.08.2026 12:00;17.08.2026 14:00;Марьина Роща;Город Москва, улица Шереметьевская, д. 16;Нет
700017;Глобальная проблема;Авария;17.08.2026 0:01;17.08.2026 23:59;Зеленоград, Старое Крюково;Город Москва, Зеленоград, корпус 802;Нет
700018;Подключение;Конвергенция абонента;17.08.2026 16:00;17.08.2026 18:00;Новокосино;Город Москва, улица Новокосинская, д. 21;Нет
700019;Глобальная проблема;Авария;17.08.2026 0:01;17.08.2026 23:59;Южное Тушино;Город Москва, улица Свободы, д. 24;Нет
700020;Локальная заявка;Нет линка;17.08.2026 12:00;17.08.2026 14:00;Басманный;Город Москва, Бауманская улица, д. 18;Нет
700021;Локальная заявка;Нет линка;17.08.2026 10:00;17.08.2026 12:00;Бирюлёво Восточное;Город Москва, улица Бирюлёвская, д. 26;Нет
700022;Локальная заявка;Нет линка;17.08.2026 10:00;17.08.2026 12:00;Новокосино;Город Москва, улица Новокосинская, д. 2;Нет
700023;Локальная заявка;Нет линка;17.08.2026 12:00;17.08.2026 14:00;Митино;Город Москва, улица Митинская, д. 21;Нет
700024;Локальная заявка;ТВ. Замена приставки техником;17.08.2026 16:00;17.08.2026 18:00;Сокол;Город Москва, улица Новопесчаная, д. 9;Нет
700025;Подключение;Конвергенция абонента;17.08.2026 14:00;17.08.2026 16:00;Чертаново Южное;Город Москва, улица Чертановская, д. 14;Нет
700026;Подключение;Конвергенция абонента;17.08.2026 12:00;17.08.2026 14:00;Царицыно;Город Москва, улица Севанская, д. 13;Нет
700027;Подключение;Конвергенция абонента;17.08.2026 14:00;17.08.2026 16:00;Кузьминки;Город Москва, улица Юных Ленинцев, д. 26;Нет
700028;Локальная заявка;TVE/ENT. Замена приставки техником;17.08.2026 18:00;17.08.2026 20:00;Некрасовка;Город Москва, улица Рождественская, д. 20;Нет
700029;Подключение;Заявка на подключение;17.08.2026 12:00;17.08.2026 14:00;Аэропорт;Город Москва, улица Черняховского, д. 23;Нет
700030;Локальная заявка;Нет линка;17.08.2026 18:00;17.08.2026 20:00;Рогово;Город Москва, посёлок Рогово, улица Юбилейная, д. 8;Нет
700031;Локальная заявка;IP-адрес 169...;17.08.2026 12:00;17.08.2026 14:00;Крылатское;Город Москва, Осенний бульвар, д. 29;Нет
700032;Локальная заявка;Низкая скорость;17.08.2026 10:00;17.08.2026 12:00;Люблино;Город Москва, улица Совхозная, д. 7;Нет
700033;Подключение;Конвергенция абонента;17.08.2026 16:00;17.08.2026 18:00;Хорошёво-Мнёвники;Город Москва, улица Маршала Тухачевского, д. 20;Нет
700034;Локальная заявка;Нет линка;17.08.2026 10:00;17.08.2026 12:00;Нагатино-Садовники;Город Москва, улица Нагатинская, д. 20;Нет
700035;Локальная заявка;Рост ошибок на порту;17.08.2026 14:00;17.08.2026 16:00;Пресненский;Город Москва, улица Красная Пресня, д. 22;Нет
700036;Локальная заявка;Нет линка;17.08.2026 14:00;17.08.2026 16:00;Гагаринский;Город Москва, улица Вавилова, д. 28;Нет
700037;Глобальная проблема;Авария;17.08.2026 10:00;17.08.2026 12:00;Перово;Город Москва, улица Новогиреевская, д. 13;Нет
700038;Подключение;Конвергенция абонента;17.08.2026 16:00;17.08.2026 18:00;Нагатино-Садовники;Город Москва, улица Нагатинская, д. 30;Нет
700039;Подключение;Конвергенция абонента;17.08.2026 16:00;17.08.2026 18:00;Дорогомилово;Город Москва, Кутузовский проспект, д. 3;Нет
700040;Подключение;Конвергенция абонента;17.08.2026 14:00;17.08.2026 16:00;Лосиноостровский;Город Москва, улица Изумрудная, д. 20;Нет
700041;Локальная заявка;Низкая скорость;17.08.2026 12:00;17.08.2026 14:00;Тверской;Город Москва, Тверская улица, д. 30;Нет
700042;Локальная заявка;Разрывы;17.08.2026 14:00;17.08.2026 16:00;Вешняки;Город Москва, улица Вешняковская, д. 10;Нет
700043;Локальная заявка;Роутер. Замена техническим специалистом;17.08.2026 12:00;17.08.2026 14:00;Нагатино-Садовники;Город Москва, улица Нагатинская, д. 18;Нет
700044;Подключение;Заявка на подключение;17.08.2026 10:00;17.08.2026 12:00;Замоскворечье;Город Москва, Пятницкая улица, д. 26;Нет
700045;Локальная заявка;Нет линка;17.08.2026 12:00;17.08.2026 14:00;Фили-Давыдково;Город Москва, улица Кастанаевская, д. 29;Нет
700046;Дозаказ;Дозаказ оборудования;17.08.2026 18:00;17.08.2026 20:00;Лефортово;Город Москва, улица Авиамоторная, д. 14;Нет
700047;Локальная заявка;Нет линка;17.08.2026 12:00;17.08.2026 14:00;Свиблово;Город Москва, улица Снежная, д. 16;Нет
700048;Локальная заявка;Переключение на Гбит/с;17.08.2026 18:00;17.08.2026 20:00;Зеленоград, Савёлки;Город Москва, Зеленоград, корпус 305;Нет
700049;Глобальная проблема;Информация;17.08.2026 16:00;17.08.2026 18:00;Аэропорт;Город Москва, улица Черняховского, д. 30;Нет
700050;Дозаказ;Дозаказ оборудования;17.08.2026 20:00;17.08.2026 22:00;Солнцево;Город Москва, Солнцевский проспект, д. 11;Нет
700051;Локальная заявка;Нет линка;17.08.2026 10:00;17.08.2026 12:00;Царицыно;Город Москва, улица Севанская, д. 11;Нет
700052;Подключение;Конвергенция абонента;17.08.2026 12:00;17.08.2026 14:00;Чертаново Южное;Город Москва, улица Чертановская, д. 24;Нет
700053;Подключение;Конвергенция абонента;17.08.2026 16:00;17.08.2026 18:00;Коптево;Город Москва, улица Большая Академическая, д. 7;Нет
700054;Локальная заявка;Нет линка;17.08.2026 12:00;17.08.2026 14:00;Московский;Город Москва, Московский, улица Радужная, д. 15;Нет
700055;Подключение;Конвергенция абонента;17.08.2026 12:00;17.08.2026 14:00;Царицыно;Город Москва, улица Севанская, д. 2;Нет
700056;Подключение;Конвергенция абонента;17.08.2026 14:00;17.08.2026 16:00;Ново-Переделкино;Город Москва, улица Лукинская, д. 30;Нет
700057;Подключение;Конвергенция абонента;17.08.2026 14:00;17.08.2026 16:00;Марьино;Город Москва, улица Братиславская, д. 21;Нет
700058;Подключение;Заказ подключения/Дозаказ оборудования;17.08.2026 12:00;17.08.2026 14:00;Некрасовка;Город Москва, улица Рождественская, д. 3;Нет
700059;Локальная заявка;Переключение на Гбит/с;17.08.2026 20:00;17.08.2026 22:00;Зеленоград, Матушкино;Город Москва, Зеленоград, корпус 106;Нет
700060;Подключение;Конвергенция абонента;17.08.2026 14:00;17.08.2026 16:00;Гагаринский;Город Москва, улица Вавилова, д. 7;Нет
700061;Глобальная проблема;Информация;17.08.2026 16:00;17.08.2026 18:00;Лефортово;Город Москва, улица Авиамоторная, д. 21;Нет
700062;Подключение;Заявка на подключение;17.08.2026 10:00;17.08.2026 12:00;Таганский;Город Москва, Таганская улица, д. 1;Нет
700063;Подключение;Конвергенция абонента;17.08.2026 12:00;17.08.2026 14:00;Лефортово;Город Москва, улица Авиамоторная, д. 2;Нет
700064;Глобальная проблема;Авария;17.08.2026 0:01;17.08.2026 23:59;Крылатское;Город Москва, Осенний бульвар, д. 28;Нет
700065;Локальная заявка;Нет линка;17.08.2026 18:00;17.08.2026 20:00;Измайлово;Город Москва, Измайловский бульвар, д. 8;Нет
700066;Подключение;Конвергенция абонента;17.08.2026 10:00;17.08.2026 12:00;Западное Дегунино;Город Москва, улица Дегунинская, д. 7;Нет
700067;Глобальная проблема;Информация;17.08.2026 10:00;17.08.2026 12:00;Ново-Переделкино;Город Москва, улица Лукинская, д. 6;Нет
700068;Локальная заявка;Рост ошибок на порту;17.08.2026 10:00;17.08.2026 12:00;Дорогомилово;Город Москва, Кутузовский проспект, д. 23;Нет
700069;Подключение;Конвергенция абонента;17.08.2026 18:00;17.08.2026 20:00;Сокольники;Город Москва, улица Стромынка, д. 6;Нет
700070;Дозаказ;Дозаказ оборудования;17.08.2026 20:00;17.08.2026 22:00;Зеленоград, Матушкино;Город Москва, Зеленоград, корпус 105;Нет
700071;Локальная заявка;Переключение на Гбит/с;17.08.2026 16:00;17.08.2026 18:00;Вороново;Город Москва, село Вороново, дом 1;Нет
700072;Дозаказ;Дозаказ оборудования;17.08.2026 18:00;17.08.2026 20:00;Вороново;Город Москва, село Вороново, дом 5;Нет
700073;Подключение;Конвергенция абонента;17.08.2026 20:00;17.08.2026 22:00;Таганский;Город Москва, Таганская улица, д. 6;Нет
700074;Подключение;Конвергенция абонента;17.08.2026 20:00;17.08.2026 22:00;Перово;Город Москва, улица Новогиреевская, д. 18;Нет
700075;Подключение;Заявка на подключение;17.08.2026 12:00;17.08.2026 14:00;Тверской;Город Москва, Тверская улица, д. 10;Нет
700076;Локальная заявка;Нет линка;17.08.2026 18:00;17.08.2026 20:00;Зеленоград, Силино;Город Москва, Зеленоград, корпус 1101;Нет
700077;Подключение;Заявка на подключение;17.08.2026 10:00;17.08.2026 12:00;Коптево;Город Москва, улица Большая Академическая, д. 18;Нет
700078;Локальная заявка;IP-адрес 169...;17.08.2026 12:00;17.08.2026 14:00;Хорошёво-Мнёвники;Город Москва, улица Маршала Тухачевского, д. 12;Нет
700079;Подключение;Конвергенция абонента;17.08.2026 12:00;17.08.2026 14:00;Северное Тушино;Город Москва, улица Героев Панфиловцев, д. 5;Нет
700080;Дозаказ;Конвергенция абонента;17.08.2026 20:00;17.08.2026 22:00;Лосиноостровский;Город Москва, улица Изумрудная, д. 13;Нет
700081;Подключение;Конвергенция абонента;17.08.2026 10:00;17.08.2026 12:00;Даниловский;Город Москва, улица Автозаводская, д. 18;Нет
700082;Локальная заявка;Низкая скорость;17.08.2026 18:00;17.08.2026 20:00;Строгино;Город Москва, улица Таллинская, д. 18;Нет
700083;Локальная заявка;Разрывы;17.08.2026 16:00;17.08.2026 18:00;Академический;Город Москва, улица Шверника, д. 20;Нет
700084;Локальная заявка;IP-адрес 169...;17.08.2026 18:00;17.08.2026 20:00;Вороново;Город Москва, село Вороново, дом 2;Нет
700085;Локальная заявка;Работа с кабелем;17.08.2026 10:00;17.08.2026 12:00;Коммунарка;Город Москва, Коммунарка, улица Александры Монаховой, д. 13;Нет
700086;Локальная заявка;Рост ошибок на порту;17.08.2026 14:00;17.08.2026 16:00;Замоскворечье;Город Москва, Пятницкая улица, д. 23;Нет
700087;Подключение;Конвергенция абонента;17.08.2026 10:00;17.08.2026 12:00;Даниловский;Город Москва, улица Автозаводская, д. 7;Нет
700088;Локальная заявка;Нет линка;17.08.2026 14:00;17.08.2026 16:00;Северное Тушино;Город Москва, улица Героев Панфиловцев, д. 16;Нет
700089;Локальная заявка;Нет линка;17.08.2026 20:00;17.08.2026 22:00;Измайлово;Город Москва, Измайловский бульвар, д. 29;Нет
700090;Подключение;Конвергенция абонента;17.08.2026 12:00;17.08.2026 14:00;Головинский;Город Москва, Кронштадтский бульвар, д. 10;Нет
700091;Локальная заявка;Работа с кабелем;17.08.2026 18:00;17.08.2026 20:00;Западное Дегунино;Город Москва, улица Дегунинская, д. 13;Нет
700092;Локальная заявка;Разрывы;17.08.2026 16:00;17.08.2026 18:00;Люблино;Город Москва, улица Совхозная, д. 9;Нет
700093;Локальная заявка;Нет линка;17.08.2026 10:00;17.08.2026 12:00;Хорошёво-Мнёвники;Город Москва, улица Маршала Тухачевского, д. 5;Нет
700094;Глобальная проблема;Авария;17.08.2026 0:01;17.08.2026 23:59;Троицк;Город Москва, Троицк, Октябрьский проспект, д. 17;Нет
700095;Локальная заявка;Нет линка;17.08.2026 14:00;17.08.2026 16:00;Марьина Роща;Город Москва, улица Шереметьевская, д. 6;Нет
700096;Локальная заявка;Работа с кабелем;17.08.2026 10:00;17.08.2026 12:00;Ясенево;Город Москва, Литовский бульвар, д. 14;Нет
700097;Подключение;Конвергенция абонента;17.08.2026 12:00;17.08.2026 14:00;Московский;Город Москва, Московский, улица Радужная, д. 6;Нет
700098;Подключение;Конвергенция абонента;17.08.2026 10:00;17.08.2026 12:00;Кузьминки;Город Москва, улица Юных Ленинцев, д. 5;Нет
700099;Подключение;Конвергенция абонента;17.08.2026 16:00;17.08.2026 18:00;Басманный;Город Москва, Бауманская улица, д. 23;Нет
700100;Подключение;Конвергенция абонента;17.08.2026 16:00;17.08.2026 18:00;Зеленоград, Старое Крюково;Город Москва, Зеленоград, корпус 808;Нет
700101;Дозаказ;Заказ подключения/Дозаказ оборудования;17.08.2026 20:00;17.08.2026 22:00;Марьино;Город Москва, улица Братиславская, д. 24;Нет
700102;Подключение;Конвергенция абонента;17.08.2026 14:00;17.08.2026 16:00;Крылатское;Город Москва, Осенний бульвар, д. 26;Нет
700103;Подключение;Конвергенция абонента;17.08.2026 10:00;17.08.2026 12:00;Кунцево;Город Москва, улица Ярцевская, д. 22;Нет
700104;Подключение;Конвергенция абонента;17.08.2026 14:00;17.08.2026 16:00;Люблино;Город Москва, улица Совхозная, д. 17;Нет
700105;Подключение;Конвергенция абонента;17.08.2026 16:00;17.08.2026 18:00;Зеленоград, Крюково;Город Москва, Зеленоград, корпус 1501;Нет
700106;Подключение;Конвергенция абонента;17.08.2026 12:00;17.08.2026 14:00;Дорогомилово;Город Москва, Кутузовский проспект, д. 11;Нет
700107;Локальная заявка;Мониторинг;17.08.2026 18:00;17.08.2026 20:00;Тверской;Город Москва, Тверская улица, д. 6;Нет
700108;Глобальная проблема;Информация;17.08.2026 16:00;17.08.2026 18:00;Новокосино;Город Москва, улица Новокосинская, д. 27;Нет
700109;Глобальная проблема;Авария;17.08.2026 0:01;17.08.2026 23:59;Новокосино;Город Москва, улица Новокосинская, д. 6;Нет
700110;Подключение;Конвергенция абонента;17.08.2026 16:00;17.08.2026 18:00;Перово;Город Москва, улица Новогиреевская, д. 25;Нет
700111;Локальная заявка;Нет линка;17.08.2026 18:00;17.08.2026 20:00;Кунцево;Город Москва, улица Ярцевская, д. 5;Нет
700112;Дозаказ;Конвергенция абонента;17.08.2026 20:00;17.08.2026 22:00;Зеленоград, Силино;Город Москва, Зеленоград, корпус 1106;Нет
700113;Локальная заявка;Нет линка;17.08.2026 20:00;17.08.2026 22:00;Преображенское;Город Москва, улица Большая Черкизовская, д. 5;Нет
700114;Подключение;Конвергенция абонента;17.08.2026 10:00;17.08.2026 12:00;Бибирево;Город Москва, улица Лескова, д. 22;Нет
700115;Локальная заявка;TVE/ENT. Другие ошибки;17.08.2026 18:00;17.08.2026 20:00;Бибирево;Город Москва, улица Лескова, д. 7;Нет
700116;Локальная заявка;Работа с кабелем;17.08.2026 16:00;17.08.2026 18:00;Марьина Роща;Город Москва, улица Шереметьевская, д. 23;Нет
700117;Локальная заявка;Нет линка;17.08.2026 20:00;17.08.2026 22:00;Лосиноостровский;Город Москва, улица Изумрудная, д. 19;Нет
700118;Подключение;Конвергенция абонента;17.08.2026 18:00;17.08.2026 20:00;Раменки;Город Москва, Мичуринский проспект, д. 15;Нет
700119;Подключение;Конвергенция абонента;17.08.2026 16:00;17.08.2026 18:00;Хамовники;Город Москва, Комсомольский проспект, д. 18;Нет
700120;Глобальная проблема;Авария;17.08.2026 0:01;17.08.2026 23:59;Хорошёво-Мнёвники;Город Москва, улица Маршала Тухачевского, д. 24;Нет
700121;Глобальная проблема;Авария;17.08.2026 20:00;17.08.2026 22:00;Сокол;Город Москва, улица Новопесчаная, д. 16;Нет
700122;Локальная заявка;Работа с кабелем;17.08.2026 10:00;17.08.2026 12:00;Марьино;Город Москва, улица Братиславская, д. 28;Нет
700123;Подключение;Конвергенция абонента;17.08.2026 10:00;17.08.2026 12:00;Коньково;Город Москва, улица Островитянова, д. 17;Нет
700124;Локальная заявка;Переключение на Гбит/с;17.08.2026 18:00;17.08.2026 20:00;Аэропорт;Город Москва, улица Черняховского, д. 12;Нет
700125;Подключение;Конвергенция абонента;17.08.2026 10:00;17.08.2026 12:00;Арбат;Город Москва, улица Новый Арбат, д. 24;Нет
700126;Подключение;Конвергенция абонента;17.08.2026 18:00;17.08.2026 20:00;Таганский;Город Москва, Таганская улица, д. 16;Нет
700127;Подключение;Конвергенция абонента;17.08.2026 14:00;17.08.2026 16:00;Зеленоград, Матушкино;Город Москва, Зеленоград, корпус 103;Нет
700128;Подключение;Конвергенция абонента;17.08.2026 10:00;17.08.2026 12:00;Замоскворечье;Город Москва, Пятницкая улица, д. 13;Нет
700129;Подключение;Конвергенция абонента;17.08.2026 12:00;17.08.2026 14:00;Ново-Переделкино;Город Москва, улица Лукинская, д. 24;Нет
700130;Глобальная проблема;Информация;17.08.2026 10:00;17.08.2026 12:00;Раменки;Город Москва, Мичуринский проспект, д. 7;Нет
700131;Подключение;Конвергенция абонента;17.08.2026 16:00;17.08.2026 18:00;Южное Бутово;Город Москва, улица Южнобутовская, д. 25;Нет
700132;Локальная заявка;Работа с кабелем;17.08.2026 18:00;17.08.2026 20:00;Хамовники;Город Москва, Комсомольский проспект, д. 8;Нет
700133;Глобальная проблема;Информация;17.08.2026 14:00;17.08.2026 16:00;Басманный;Город Москва, Бауманская улица, д. 24;Нет
700134;Подключение;Конвергенция абонента;17.08.2026 14:00;17.08.2026 16:00;Бибирево;Город Москва, улица Лескова, д. 6;Нет
700135;Локальная заявка;Разрывы;17.08.2026 14:00;17.08.2026 16:00;Кунцево;Город Москва, улица Ярцевская, д. 10;Нет
700136;Глобальная проблема;Информация;17.08.2026 16:00;17.08.2026 18:00;Крылатское;Город Москва, Осенний бульвар, д. 22;Нет
700137;Локальная заявка;Низкая скорость;17.08.2026 18:00;17.08.2026 20:00;Кунцево;Город Москва, улица Ярцевская, д. 3;Нет
700138;Подключение;Конвергенция абонента;17.08.2026 14:00;17.08.2026 16:00;Свиблово;Город Москва, улица Снежная, д. 3;Нет
700139;Локальная заявка;ТВ. Замена приставки техником;17.08.2026 16:00;17.08.2026 18:00;Зеленоград, Матушкино;Город Москва, Зеленоград, корпус 108;Нет
700140;Подключение;Конвергенция абонента;17.08.2026 18:00;17.08.2026 20:00;Хамовники;Город Москва, Комсомольский проспект, д. 22;Нет
700141;Локальная заявка;Разрывы;17.08.2026 16:00;17.08.2026 18:00;Коптево;Город Москва, улица Большая Академическая, д. 21;Нет
700142;Локальная заявка;Роутер. Замена техническим специалистом;17.08.2026 12:00;17.08.2026 14:00;Коньково;Город Москва, улица Островитянова, д. 10;Нет
700143;Глобальная проблема;Авария;17.08.2026 0:01;17.08.2026 23:59;Вешняки;Город Москва, улица Вешняковская, д. 13;Нет
700144;Локальная заявка;Нет линка;17.08.2026 18:00;17.08.2026 20:00;Перово;Город Москва, улица Новогиреевская, д. 30;Нет
700145;Локальная заявка;Нет линка;17.08.2026 12:00;17.08.2026 14:00;Вешняки;Город Москва, улица Вешняковская, д. 15;Нет
700146;Локальная заявка;Разрывы;17.08.2026 16:00;17.08.2026 18:00;Ново-Переделкино;Город Москва, улица Лукинская, д. 13;Нет
700147;Глобальная проблема;Авария;17.08.2026 0:01;17.08.2026 23:59;Басманный;Город Москва, Бауманская улица, д. 12;Нет
700148;Подключение;Конвергенция абонента;17.08.2026 16:00;17.08.2026 18:00;Крылатское;Город Москва, Осенний бульвар, д. 15;Нет
700149;Подключение;Конвергенция абонента;17.08.2026 16:00;17.08.2026 18:00;Нагатино-Садовники;Город Москва, улица Нагатинская, д. 7;Нет
700150;Подключение;Конвергенция абонента;17.08.2026 18:00;17.08.2026 20:00;Кузьминки;Город Москва, улица Юных Ленинцев, д. 27;Нет
700151;Локальная заявка;Роутер. Замена техническим специалистом;17.08.2026 16:00;17.08.2026 18:00;Раменки;Город Москва, Мичуринский проспект, д. 16;Нет
700152;Локальная заявка;Переключение на Гбит/с;17.08.2026 16:00;17.08.2026 18:00;Троицк;Город Москва, Троицк, Октябрьский проспект, д. 19;Нет
700153;Подключение;Конвергенция абонента;17.08.2026 12:00;17.08.2026 14:00;Южное Бутово;Город Москва, улица Южнобутовская, д. 17;Нет
700154;Подключение;Заказ подключения/Дозаказ оборудования;17.08.2026 16:00;17.08.2026 18:00;Пресненский;Город Москва, улица Красная Пресня, д. 17;Нет
700155;Глобальная проблема;Авария;17.08.2026 0:01;17.08.2026 23:59;Свиблово;Город Москва, улица Снежная, д. 28;Нет
700156;Подключение;Конвергенция абонента;17.08.2026 12:00;17.08.2026 14:00;Нагатино-Садовники;Город Москва, улица Нагатинская, д. 24;Нет
700157;Глобальная проблема;Информация;17.08.2026 16:00;17.08.2026 18:00;Некрасовка;Город Москва, улица Рождественская, д. 13;Нет
700158;Локальная заявка;Разрывы;17.08.2026 16:00;17.08.2026 18:00;Коммунарка;Город Москва, Коммунарка, улица Александры Монаховой, д. 9;Нет
700159;Подключение;Конвергенция абонента;17.08.2026 18:00;17.08.2026 20:00;Рогово;Город Москва, посёлок Рогово, улица Юбилейная, д. 14;Нет
700160;Локальная заявка;Низкая скорость;17.08.2026 10:00;17.08.2026 12:00;Отрадное;Город Москва, улица Декабристов, д. 21;Нет
700161;Подключение;Конвергенция абонента;17.08.2026 16:00;17.08.2026 18:00;Солнцево;Город Москва, Солнцевский проспект, д. 28;Нет
700162;Локальная заявка;Нет линка;17.08.2026 20:00;17.08.2026 22:00;Преображенское;Город Москва, улица Большая Черкизовская, д. 27;Нет
700163;Локальная заявка;Нет линка;17.08.2026 16:00;17.08.2026 18:00;Сокол;Город Москва, улица Новопесчаная, д. 22;Нет
700164;Локальная заявка;IP-адрес 169...;17.08.2026 18:00;17.08.2026 20:00;Даниловский;Город Москва, улица Автозаводская, д. 4;Нет
700165;Подключение;Конвергенция абонента;17.08.2026 10:00;17.08.2026 12:00;Троицк;Город Москва, Троицк, Октябрьский проспект, д. 12;Нет
700166;Локальная заявка;Нет линка;17.08.2026 12:00;17.08.2026 14:00;Южное Тушино;Город Москва, улица Свободы, д. 29;Нет
700167;Подключение;Конвергенция абонента;17.08.2026 10:00;17.08.2026 12:00;Перово;Город Москва, улица Новогиреевская, д. 4;Нет
700168;Подключение;Конвергенция абонента;17.08.2026 12:00;17.08.2026 14:00;Ясенево;Город Москва, Литовский бульвар, д. 20;Нет
700169;Подключение;Конвергенция абонента;17.08.2026 14:00;17.08.2026 16:00;Вешняки;Город Москва, улица Вешняковская, д. 3;Нет
700170;Локальная заявка;Разрывы;17.08.2026 12:00;17.08.2026 14:00;Раменки;Город Москва, Мичуринский проспект, д. 2;Нет
700171;Подключение;Конвергенция абонента;17.08.2026 18:00;17.08.2026 20:00;Южное Тушино;Город Москва, улица Свободы, д. 9;Нет
700172;Подключение;Заявка на подключение;17.08.2026 10:00;17.08.2026 12:00;Крылатское;Город Москва, Осенний бульвар, д. 13;Нет
700173;Локальная заявка;Нет линка;17.08.2026 20:00;17.08.2026 22:00;Некрасовка;Город Москва, улица Рождественская, д. 21;Нет
700174;Локальная заявка;TVE/ENT. Замена приставки техником;17.08.2026 18:00;17.08.2026 20:00;Перово;Город Москва, улица Новогиреевская, д. 14;Нет
700175;Локальная заявка;Рост ошибок на порту;17.08.2026 20:00;17.08.2026 22:00;Бирюлёво Восточное;Город Москва, улица Бирюлёвская, д. 25;Нет
700176;Подключение;Заказ подключения/Дозаказ оборудования;17.08.2026 10:00;17.08.2026 12:00;Таганский;Город Москва, Таганская улица, д. 17;Нет
700177;Глобальная проблема;Авария;17.08.2026 20:00;17.08.2026 22:00;Вешняки;Город Москва, улица Вешняковская, д. 17;Нет
700178;Локальная заявка;Переключение на Гбит/с;17.08.2026 18:00;17.08.2026 20:00;Зеленоград, Савёлки;Город Москва, Зеленоград, корпус 301;Нет
700179;Локальная заявка;Переключение на Гбит/с;17.08.2026 14:00;17.08.2026 16:00;Академический;Город Москва, улица Шверника, д. 11;Нет
700180;Подключение;Заявка на подключение;17.08.2026 10:00;17.08.2026 12:00;Рогово;Город Москва, посёлок Рогово, улица Юбилейная, д. 23;Нет
700181;Подключение;Заявка на подключение;17.08.2026 10:00;17.08.2026 12:00;Дорогомилово;Город Москва, Кутузовский проспект, д. 9;Нет
700182;Подключение;Конвергенция абонента;17.08.2026 12:00;17.08.2026 14:00;Зеленоград, Савёлки;Город Москва, Зеленоград, корпус 303;Нет
700183;Подключение;Конвергенция абонента;17.08.2026 12:00;17.08.2026 14:00;Головинский;Город Москва, Кронштадтский бульвар, д. 21;Нет
700184;Дозаказ;Конвергенция абонента;17.08.2026 20:00;17.08.2026 22:00;Сокольники;Город Москва, улица Стромынка, д. 24;Нет
700185;Подключение;Заявка на подключение;17.08.2026 20:00;17.08.2026 22:00;Зеленоград, Старое Крюково;Город Москва, Зеленоград, корпус 804;Нет
700186;Локальная заявка;Разрывы;17.08.2026 10:00;17.08.2026 12:00;Замоскворечье;Город Москва, Пятницкая улица, д. 17;Нет
700187;Дозаказ;Дозаказ оборудования;17.08.2026 18:00;17.08.2026 20:00;Головинский;Город Москва, Кронштадтский бульвар, д. 22;Нет
700188;Дозаказ;Заказ подключения/Дозаказ оборудования;17.08.2026 18:00;17.08.2026 20:00;Царицыно;Город Москва, улица Севанская, д. 16;Нет
700189;Подключение;Конвергенция абонента;17.08.2026 14:00;17.08.2026 16:00;Коптево;Город Москва, улица Большая Академическая, д. 14;Нет
700190;Локальная заявка;Рост ошибок на порту;17.08.2026 14:00;17.08.2026 16:00;Митино;Город Москва, улица Митинская, д. 11;Нет
700191;Дозаказ;Дозаказ оборудования;17.08.2026 14:00;17.08.2026 16:00;Гагаринский;Город Москва, улица Вавилова, д. 5;Нет
700192;Подключение;Заказ подключения/Дозаказ оборудования;17.08.2026 12:00;17.08.2026 14:00;Солнцево;Город Москва, Солнцевский проспект, д. 25;Нет
700193;Глобальная проблема;Авария;17.08.2026 0:01;17.08.2026 23:59;Люблино;Город Москва, улица Совхозная, д. 8;Нет
700194;Локальная заявка;Низкая скорость;17.08.2026 20:00;17.08.2026 22:00;Отрадное;Город Москва, улица Декабристов, д. 28;Нет
700195;Подключение;Конвергенция абонента;17.08.2026 20:00;17.08.2026 22:00;Вороново;Город Москва, село Вороново, дом 17;Нет
700196;Подключение;Конвергенция абонента;17.08.2026 10:00;17.08.2026 12:00;Даниловский;Город Москва, улица Автозаводская, д. 28;Нет
700197;Дозаказ;Дозаказ оборудования;17.08.2026 10:00;17.08.2026 12:00;Лефортово;Город Москва, улица Авиамоторная, д. 29;Нет
700198;Глобальная проблема;Информация;17.08.2026 16:00;17.08.2026 18:00;Зеленоград, Матушкино;Город Москва, Зеленоград, корпус 101;Нет
700199;Локальная заявка;Рост ошибок на порту;17.08.2026 10:00;17.08.2026 12:00;Бибирево;Город Москва, улица Лескова, д. 15;Нет
700200;Подключение;Конвергенция абонента;17.08.2026 12:00;17.08.2026 14:00;Чертаново Южное;Город Москва, улица Чертановская, д. 7;Нет
700201;Локальная заявка;Нет линка;17.08.2026 18:00;17.08.2026 20:00;Арбат;Город Москва, улица Новый Арбат, д. 6;Нет
700202;Подключение;Конвергенция абонента;17.08.2026 12:00;17.08.2026 14:00;Марьина Роща;Город Москва, улица Шереметьевская, д. 18;Нет
700203;Подключение;Конвергенция абонента;17.08.2026 10:00;17.08.2026 12:00;Хорошёво-Мнёвники;Город Москва, улица Маршала Тухачевского, д. 7;Нет
700204;Подключение;Заказ подключения/Дозаказ оборудования;17.08.2026 12:00;17.08.2026 14:00;Коньково;Город Москва, улица Островитянова, д. 24;Нет
700205;Подключение;Конвергенция абонента;17.08.2026 18:00;17.08.2026 20:00;Кузьминки;Город Москва, улица Юных Ленинцев, д. 2;Нет
700206;Дозаказ;Дозаказ оборудования;17.08.2026 18:00;17.08.2026 20:00;Арбат;Город Москва, улица Новый Арбат, д. 19;Нет
700207;Локальная заявка;Нет линка;17.08.2026 14:00;17.08.2026 16:00;Зеленоград, Силино;Город Москва, Зеленоград, корпус 1107;Нет
700208;Подключение;Конвергенция абонента;17.08.2026 10:00;17.08.2026 12:00;Кузьминки;Город Москва, улица Юных Ленинцев, д. 3;Нет
700209;Подключение;Заявка на подключение;17.08.2026 12:00;17.08.2026 14:00;Сокол;Город Москва, улица Новопесчаная, д. 8;Нет
700210;Подключение;Конвергенция абонента;17.08.2026 12:00;17.08.2026 14:00;Хамовники;Город Москва, Комсомольский проспект, д. 4;Нет
700211;Подключение;Заказ подключения/Дозаказ оборудования;17.08.2026 14:00;17.08.2026 16:00;Кунцево;Город Москва, улица Ярцевская, д. 27;Нет
700212;Локальная заявка;Нет линка;17.08.2026 20:00;17.08.2026 22:00;Академический;Город Москва, улица Шверника, д. 3;Нет
700213;Подключение;Конвергенция абонента;17.08.2026 12:00;17.08.2026 14:00;Зеленоград, Старое Крюково;Город Москва, Зеленоград, корпус 807;Нет
700214;Локальная заявка;TVE/ENT. Замена приставки техником;17.08.2026 16:00;17.08.2026 18:00;Таганский;Город Москва, Таганская улица, д. 25;Нет
700215;Подключение;Заказ подключения/Дозаказ оборудования;17.08.2026 10:00;17.08.2026 12:00;Даниловский;Город Москва, улица Автозаводская, д. 5;Нет
700216;Подключение;Конвергенция абонента;17.08.2026 16:00;17.08.2026 18:00;Свиблово;Город Москва, улица Снежная, д. 30;Нет
700217;Глобальная проблема;Авария;17.08.2026 0:01;17.08.2026 23:59;Академический;Город Москва, улица Шверника, д. 21;Нет
700218;Локальная заявка;Нет линка;17.08.2026 20:00;17.08.2026 22:00;Ясенево;Город Москва, Литовский бульвар, д. 4;Нет
700219;Подключение;Заявка на подключение;17.08.2026 10:00;17.08.2026 12:00;Нагатино-Садовники;Город Москва, улица Нагатинская, д. 23;Нет
700220;Дозаказ;Заказ подключения/Дозаказ оборудования;17.08.2026 20:00;17.08.2026 22:00;Строгино;Город Москва, улица Таллинская, д. 7;Нет
700221;Локальная заявка;Мониторинг;17.08.2026 18:00;17.08.2026 20:00;Солнцево;Город Москва, Солнцевский проспект, д. 23;Нет
700222;Подключение;Заказ подключения/Дозаказ оборудования;17.08.2026 16:00;17.08.2026 18:00;Коньково;Город Москва, улица Островитянова, д. 11;Нет
700223;Подключение;Заказ подключения/Дозаказ оборудования;17.08.2026 12:00;17.08.2026 14:00;Кунцево;Город Москва, улица Ярцевская, д. 1;Нет
700224;Подключение;Конвергенция абонента;17.08.2026 18:00;17.08.2026 20:00;Северное Тушино;Город Москва, улица Героев Панфиловцев, д. 2;Нет
700225;Локальная заявка;Нет линка;17.08.2026 10:00;17.08.2026 12:00;Марьино;Город Москва, улица Братиславская, д. 13;Нет
700226;Локальная заявка;Рост ошибок на порту;17.08.2026 14:00;17.08.2026 16:00;Тверской;Город Москва, Тверская улица, д. 8;Нет
700227;Подключение;Конвергенция абонента;17.08.2026 10:00;17.08.2026 12:00;Коньково;Город Москва, улица Островитянова, д. 27;Нет
700228;Дозаказ;Дозаказ оборудования;17.08.2026 14:00;17.08.2026 16:00;Дорогомилово;Город Москва, Кутузовский проспект, д. 16;Нет
700229;Подключение;Конвергенция абонента;17.08.2026 12:00;17.08.2026 14:00;Марьино;Город Москва, улица Братиславская, д. 26;Нет
700230;Локальная заявка;TVE/ENT. Другие ошибки;17.08.2026 16:00;17.08.2026 18:00;Сокол;Город Москва, улица Новопесчаная, д. 6;Нет
700231;Подключение;Конвергенция абонента;17.08.2026 14:00;17.08.2026 16:00;Ново-Переделкино;Город Москва, улица Лукинская, д. 20;Нет
700232;Локальная заявка;IP-адрес 169...;17.08.2026 14:00;17.08.2026 16:00;Отрадное;Город Москва, улица Декабристов, д. 8;Нет
700233;Локальная заявка;Нет линка;17.08.2026 14:00;17.08.2026 16:00;Басманный;Город Москва, Бауманская улица, д. 11;Нет
700234;Локальная заявка;IP-адрес 169...;17.08.2026 12:00;17.08.2026 14:00;Южное Тушино;Город Москва, улица Свободы, д. 19;Нет
700235;Подключение;Конвергенция абонента;17.08.2026 12:00;17.08.2026 14:00;Кузьминки;Город Москва, улица Юных Ленинцев, д. 10;Нет
700236;Подключение;Конвергенция абонента;17.08.2026 10:00;17.08.2026 12:00;Нагатино-Садовники;Город Москва, улица Нагатинская, д. 10;Нет
700237;Подключение;Конвергенция абонента;17.08.2026 20:00;17.08.2026 22:00;Зеленоград, Старое Крюково;Город Москва, Зеленоград, корпус 801;Нет
700238;Подключение;Конвергенция абонента;17.08.2026 18:00;17.08.2026 20:00;Бирюлёво Восточное;Город Москва, улица Бирюлёвская, д. 8;Нет
700239;Подключение;Конвергенция абонента;17.08.2026 14:00;17.08.2026 16:00;Коммунарка;Город Москва, Коммунарка, улица Александры Монаховой, д. 1;Нет
700240;Локальная заявка;Разрывы;17.08.2026 14:00;17.08.2026 16:00;Аэропорт;Город Москва, улица Черняховского, д. 24;Нет
700241;Подключение;Конвергенция абонента;17.08.2026 12:00;17.08.2026 14:00;Солнцево;Город Москва, Солнцевский проспект, д. 5;Нет
700242;Локальная заявка;Разрывы;17.08.2026 10:00;17.08.2026 12:00;Троицк;Город Москва, Троицк, Октябрьский проспект, д. 21;Нет
700243;Дозаказ;Дозаказ оборудования;17.08.2026 14:00;17.08.2026 16:00;Строгино;Город Москва, улица Таллинская, д. 2;Нет
700244;Подключение;Конвергенция абонента;17.08.2026 16:00;17.08.2026 18:00;Раменки;Город Москва, Мичуринский проспект, д. 30;Нет
700245;Локальная заявка;Разрывы;17.08.2026 10:00;17.08.2026 12:00;Царицыно;Город Москва, улица Севанская, д. 19;Нет
700246;Подключение;Заявка на подключение;17.08.2026 14:00;17.08.2026 16:00;Рогово;Город Москва, посёлок Рогово, улица Юбилейная, д. 9;Нет
700247;Подключение;Заказ подключения/Дозаказ оборудования;17.08.2026 14:00;17.08.2026 16:00;Пресненский;Город Москва, улица Красная Пресня, д. 23;Нет
700248;Подключение;Конвергенция абонента;17.08.2026 12:00;17.08.2026 14:00;Таганский;Город Москва, Таганская улица, д. 2;Нет
700249;Подключение;Конвергенция абонента;17.08.2026 18:00;17.08.2026 20:00;Тверской;Город Москва, Тверская улица, д. 23;Нет
700250;Локальная заявка;Нет линка;17.08.2026 12:00;17.08.2026 14:00;Коньково;Город Москва, улица Островитянова, д. 20;Нет
700251;Подключение;Конвергенция абонента;17.08.2026 12:00;17.08.2026 14:00;Митино;Город Москва, улица Митинская, д. 4;Нет
700252;Локальная заявка;Нет линка;17.08.2026 20:00;17.08.2026 22:00;Марьино;Город Москва, улица Братиславская, д. 14;Нет
700253;Локальная заявка;Нет линка;17.08.2026 20:00;17.08.2026 22:00;Южное Бутово;Город Москва, улица Южнобутовская, д. 28;Нет
700254;Подключение;Конвергенция абонента;17.08.2026 10:00;17.08.2026 12:00;Бирюлёво Восточное;Город Москва, улица Бирюлёвская, д. 18;Нет
700255;Локальная заявка;Нет линка;17.08.2026 18:00;17.08.2026 20:00;Даниловский;Город Москва, улица Автозаводская, д. 23;Нет
700256;Подключение;Конвергенция абонента;17.08.2026 10:00;17.08.2026 12:00;Северное Тушино;Город Москва, улица Героев Панфиловцев, д. 27;Нет
700257;Локальная заявка;Переключение на Гбит/с;17.08.2026 14:00;17.08.2026 16:00;Солнцево;Город Москва, Солнцевский проспект, д. 15;Нет
700258;Локальная заявка;Нет линка;17.08.2026 14:00;17.08.2026 16:00;Измайлово;Город Москва, Измайловский бульвар, д. 15;Нет
700259;Глобальная проблема;Авария;17.08.2026 0:01;17.08.2026 23:59;Измайлово;Город Москва, Измайловский бульвар, д. 2;Нет
700260;Глобальная проблема;Авария;17.08.2026 20:00;17.08.2026 22:00;Южное Бутово;Город Москва, улица Южнобутовская, д. 24;Нет
700261;Локальная заявка;Переключение на Гбит/с;17.08.2026 20:00;17.08.2026 22:00;Кунцево;Город Москва, улица Ярцевская, д. 14;Нет
700262;Локальная заявка;Нет линка;17.08.2026 14:00;17.08.2026 16:00;Свиблово;Город Москва, улица Снежная, д. 20;Нет
700263;Подключение;Конвергенция абонента;17.08.2026 10:00;17.08.2026 12:00;Чертаново Южное;Город Москва, улица Чертановская, д. 19;Нет
700264;Локальная заявка;Нет линка;17.08.2026 18:00;17.08.2026 20:00;Арбат;Город Москва, улица Новый Арбат, д. 1;Нет
700265;Подключение;Конвергенция абонента;17.08.2026 10:00;17.08.2026 12:00;Зеленоград, Силино;Город Москва, Зеленоград, корпус 1108;Нет
700266;Подключение;Конвергенция абонента;17.08.2026 16:00;17.08.2026 18:00;Некрасовка;Город Москва, улица Рождественская, д. 7;Нет
700267;Глобальная проблема;Информация;17.08.2026 14:00;17.08.2026 16:00;Южное Бутово;Город Москва, улица Южнобутовская, д. 7;Нет
700268;Подключение;Конвергенция абонента;17.08.2026 16:00;17.08.2026 18:00;Западное Дегунино;Город Москва, улица Дегунинская, д. 27;Нет
700269;Подключение;Конвергенция абонента;17.08.2026 16:00;17.08.2026 18:00;Лосиноостровский;Город Москва, улица Изумрудная, д. 1;Нет
700270;Подключение;Конвергенция абонента;17.08.2026 20:00;17.08.2026 22:00;Зеленоград, Силино;Город Москва, Зеленоград, корпус 1104;Нет
700271;Подключение;Заявка на подключение;17.08.2026 14:00;17.08.2026 16:00;Солнцево;Город Москва, Солнцевский проспект, д. 21;Нет
700272;Локальная заявка;TVE/ENT. Замена приставки техником;17.08.2026 18:00;17.08.2026 20:00;Зеленоград, Старое Крюково;Город Москва, Зеленоград, корпус 805;Нет
700273;Подключение;Конвергенция абонента;17.08.2026 20:00;17.08.2026 22:00;Рогово;Город Москва, посёлок Рогово, улица Юбилейная, д. 28;Нет
700274;Локальная заявка;Рост ошибок на порту;17.08.2026 10:00;17.08.2026 12:00;Южное Бутово;Город Москва, улица Южнобутовская, д. 30;Нет
700275;Подключение;Заявка на подключение;17.08.2026 18:00;17.08.2026 20:00;Митино;Город Москва, улица Митинская, д. 14;Да
700276;Подключение;Конвергенция абонента;17.08.2026 12:00;17.08.2026 14:00;Вешняки;Город Москва, улица Вешняковская, д. 9;Нет
700277;Подключение;Конвергенция абонента;17.08.2026 10:00;17.08.2026 12:00;Зеленоград, Крюково;Город Москва, Зеленоград, корпус 1503;Нет
700278;Подключение;Заявка на подключение;17.08.2026 18:00;17.08.2026 20:00;Строгино;Город Москва, улица Таллинская, д. 23;Да
700279;Локальная заявка;Нет линка;17.08.2026 10:00;17.08.2026 12:00;Отрадное;Город Москва, улица Декабристов, д. 25;Нет
700280;Локальная заявка;Нет линка;17.08.2026 14:00;17.08.2026 16:00;Чертаново Южное;Город Москва, улица Чертановская, д. 2;Нет
700281;Локальная заявка;Нет линка;17.08.2026 18:00;17.08.2026 20:00;Лосиноостровский;Город Москва, улица Изумрудная, д. 3;Нет
700282;Подключение;Заказ подключения/Дозаказ оборудования;17.08.2026 10:00;17.08.2026 12:00;Бибирево;Город Москва, улица Лескова, д. 8;Нет
700283;Дозаказ;Заказ подключения/Дозаказ оборудования;17.08.2026 18:00;17.08.2026 20:00;Преображенское;Город Москва, улица Большая Черкизовская, д. 16;Нет
700284;Подключение;Конвергенция абонента;17.08.2026 18:00;17.08.2026 20:00;Преображенское;Город Москва, улица Большая Черкизовская, д. 24;Нет
700285;Локальная заявка;Работа с кабелем;17.08.2026 20:00;17.08.2026 22:00;Пресненский;Город Москва, улица Красная Пресня, д. 20;Нет
700286;Локальная заявка;Роутер. Замена техническим специалистом;17.08.2026 12:00;17.08.2026 14:00;Преображенское;Город Москва, улица Большая Черкизовская, д. 3;Нет
700287;Локальная заявка;Роутер. Замена техническим специалистом;17.08.2026 16:00;17.08.2026 18:00;Ясенево;Город Москва, Литовский бульвар, д. 28;Нет
700288;Глобальная проблема;Авария;17.08.2026 0:01;17.08.2026 23:59;Строгино;Город Москва, улица Таллинская, д. 9;Нет
700289;Подключение;Конвергенция абонента;17.08.2026 10:00;17.08.2026 12:00;Московский;Город Москва, Московский, улица Радужная, д. 8;Нет
700290;Локальная заявка;TVE/ENT. Другие ошибки;17.08.2026 18:00;17.08.2026 20:00;Строгино;Город Москва, улица Таллинская, д. 4;Нет
700291;Глобальная проблема;Авария;17.08.2026 0:01;17.08.2026 23:59;Тверской;Город Москва, Тверская улица, д. 16;Нет
700292;Подключение;Заявка на подключение;17.08.2026 12:00;17.08.2026 14:00;Хамовники;Город Москва, Комсомольский проспект, д. 24;Нет
700293;Подключение;Конвергенция абонента;17.08.2026 12:00;17.08.2026 14:00;Ново-Переделкино;Город Москва, улица Лукинская, д. 17;Нет
700294;Подключение;Конвергенция абонента;17.08.2026 12:00;17.08.2026 14:00;Сокол;Город Москва, улица Новопесчаная, д. 13;Нет
700295;Подключение;Конвергенция абонента;17.08.2026 10:00;17.08.2026 12:00;Западное Дегунино;Город Москва, улица Дегунинская, д. 21;Нет
700296;Локальная заявка;Нет линка;17.08.2026 10:00;17.08.2026 12:00;Сокол;Город Москва, улица Новопесчаная, д. 1;Нет
700297;Подключение;Конвергенция абонента;17.08.2026 10:00;17.08.2026 12:00;Преображенское;Город Москва, улица Большая Черкизовская, д. 28;Нет
700298;Локальная заявка;Работа с кабелем;17.08.2026 10:00;17.08.2026 12:00;Новокосино;Город Москва, улица Новокосинская, д. 28;Нет
700299;Подключение;Конвергенция абонента;17.08.2026 14:00;17.08.2026 16:00;Сокольники;Город Москва, улица Стромынка, д. 11;Нет
700300;Подключение;Конвергенция абонента;17.08.2026 12:00;17.08.2026 14:00;Южное Тушино;Город Москва, улица Свободы, д. 3;Нет
700301;Локальная заявка;ТВ. Замена приставки техником;17.08.2026 14:00;17.08.2026 16:00;Замоскворечье;Город Москва, Пятницкая улица, д. 16;Нет
700302;Локальная заявка;Рост ошибок на порту;17.08.2026 20:00;17.08.2026 22:00;Замоскворечье;Город Москва, Пятницкая улица, д. 1;Нет
700303;Подключение;Конвергенция абонента;17.08.2026 10:00;17.08.2026 12:00;Вороново;Город Москва, село Вороново, дом 7;Нет
700304;Локальная заявка;Нет линка;17.08.2026 12:00;17.08.2026 14:00;Коптево;Город Москва, улица Большая Академическая, д. 11;Нет
700305;Дозаказ;Дозаказ оборудования;17.08.2026 18:00;17.08.2026 20:00;Троицк;Город Москва, Троицк, Октябрьский проспект, д. 20;Нет
700306;Локальная заявка;Нет линка;17.08.2026 18:00;17.08.2026 20:00;Пресненский;Город Москва, улица Красная Пресня, д. 29;Нет
700307;Локальная заявка;Работа с кабелем;17.08.2026 16:00;17.08.2026 18:00;Северное Тушино;Город Москва, улица Героев Панфиловцев, д. 17;Нет
700308;Подключение;Конвергенция абонента;17.08.2026 12:00;17.08.2026 14:00;Фили-Давыдково;Город Москва, улица Кастанаевская, д. 28;Нет
700309;Подключение;Конвергенция абонента;17.08.2026 14:00;17.08.2026 16:00;Хамовники;Город Москва, Комсомольский проспект, д. 17;Нет
700310;Локальная заявка;Нет линка;17.08.2026 10:00;17.08.2026 12:00;Отрадное;Город Москва, улица Декабристов, д. 17;Нет
700311;Подключение;Конвергенция абонента;17.08.2026 16:00;17.08.2026 18:00;Зеленоград, Крюково;Город Москва, Зеленоград, корпус 1507;Нет
700312;Дозаказ;Заказ подключения/Дозаказ оборудования;17.08.2026 10:00;17.08.2026 12:00;Сокольники;Город Москва, улица Стромынка, д. 19;Да
700313;Локальная заявка;Нет линка;17.08.2026 18:00;17.08.2026 20:00;Троицк;Город Москва, Троицк, Октябрьский проспект, д. 4;Нет
700314;Глобальная проблема;Авария;17.08.2026 0:01;17.08.2026 23:59;Раменки;Город Москва, Мичуринский проспект, д. 4;Нет
700315;Подключение;Конвергенция абонента;17.08.2026 12:00;17.08.2026 14:00;Троицк;Город Москва, Троицк, Октябрьский проспект, д. 14;Нет
700316;Локальная заявка;Нет линка;17.08.2026 12:00;17.08.2026 14:00;Ясенево;Город Москва, Литовский бульвар, д. 5;Нет
700317;Локальная заявка;Нет линка;17.08.2026 12:00;17.08.2026 14:00;Фили-Давыдково;Город Москва, улица Кастанаевская, д. 25;Нет
700318;Подключение;Заказ подключения/Дозаказ оборудования;17.08.2026 16:00;17.08.2026 18:00;Зеленоград, Крюково;Город Москва, Зеленоград, корпус 1502;Нет
700319;Подключение;Конвергенция абонента;17.08.2026 12:00;17.08.2026 14:00;Лефортово;Город Москва, улица Авиамоторная, д. 12;Нет
700320;Дозаказ;Дозаказ оборудования;17.08.2026 10:00;17.08.2026 12:00;Замоскворечье;Город Москва, Пятницкая улица, д. 11;Нет
700321;Подключение;Конвергенция абонента;17.08.2026 18:00;17.08.2026 20:00;Хорошёво-Мнёвники;Город Москва, улица Маршала Тухачевского, д. 19;Нет
700322;Локальная заявка;Работа с кабелем;17.08.2026 16:00;17.08.2026 18:00;Бибирево;Город Москва, улица Лескова, д. 21;Нет
700323;Локальная заявка;Рост ошибок на порту;17.08.2026 10:00;17.08.2026 12:00;Аэропорт;Город Москва, улица Черняховского, д. 18;Нет
700324;Подключение;Заказ подключения/Дозаказ оборудования;17.08.2026 12:00;17.08.2026 14:00;Коптево;Город Москва, улица Большая Академическая, д. 25;Нет
700325;Подключение;Конвергенция абонента;17.08.2026 18:00;17.08.2026 20:00;Зеленоград, Старое Крюково;Город Москва, Зеленоград, корпус 803;Нет
700326;Глобальная проблема;Авария;17.08.2026 20:00;17.08.2026 22:00;Раменки;Город Москва, Мичуринский проспект, д. 5;Нет
700327;Локальная заявка;Роутер. Замена техническим специалистом;17.08.2026 14:00;17.08.2026 16:00;Басманный;Город Москва, Бауманская улица, д. 3;Нет
700328;Подключение;Конвергенция абонента;17.08.2026 18:00;17.08.2026 20:00;Вороново;Город Москва, село Вороново, дом 10;Нет
700329;Локальная заявка;Нет линка;17.08.2026 18:00;17.08.2026 20:00;Некрасовка;Город Москва, улица Рождественская, д. 15;Нет
700330;Подключение;Конвергенция абонента;17.08.2026 18:00;17.08.2026 20:00;Московский;Город Москва, Московский, улица Радужная, д. 18;Нет
700331;Подключение;Заказ подключения/Дозаказ оборудования;17.08.2026 16:00;17.08.2026 18:00;Царицыно;Город Москва, улица Севанская, д. 26;Нет
700332;Глобальная проблема;Информация;17.08.2026 16:00;17.08.2026 18:00;Крылатское;Город Москва, Осенний бульвар, д. 4;Нет
700333;Подключение;Конвергенция абонента;17.08.2026 12:00;17.08.2026 14:00;Зеленоград, Крюково;Город Москва, Зеленоград, корпус 1508;Нет
700334;Глобальная проблема;Авария;17.08.2026 0:01;17.08.2026 23:59;Кузьминки;Город Москва, улица Юных Ленинцев, д. 13;Нет
700335;Подключение;Заказ подключения/Дозаказ оборудования;17.08.2026 16:00;17.08.2026 18:00;Зеленоград, Савёлки;Город Москва, Зеленоград, корпус 308;Нет
700336;Подключение;Конвергенция абонента;17.08.2026 14:00;17.08.2026 16:00;Академический;Город Москва, улица Шверника, д. 25;Нет
700337;Подключение;Конвергенция абонента;17.08.2026 10:00;17.08.2026 12:00;Митино;Город Москва, улица Митинская, д. 16;Нет
700338;Локальная заявка;TVE/ENT. Замена приставки техником;17.08.2026 12:00;17.08.2026 14:00;Южное Бутово;Город Москва, улица Южнобутовская, д. 14;Нет
700339;Локальная заявка;Нет линка;17.08.2026 18:00;17.08.2026 20:00;Рогово;Город Москва, посёлок Рогово, улица Юбилейная, д. 20;Нет
700340;Подключение;Конвергенция абонента;17.08.2026 14:00;17.08.2026 16:00;Южное Тушино;Город Москва, улица Свободы, д. 15;Нет
700341;Дозаказ;Конвергенция абонента;17.08.2026 20:00;17.08.2026 22:00;Басманный;Город Москва, Бауманская улица, д. 10;Нет
700342;Локальная заявка;Нет линка;17.08.2026 10:00;17.08.2026 12:00;Чертаново Южное;Город Москва, улица Чертановская, д. 5;Нет
700343;Подключение;Конвергенция абонента;17.08.2026 14:00;17.08.2026 16:00;Кунцево;Город Москва, улица Ярцевская, д. 26;Нет
700344;Подключение;Конвергенция абонента;17.08.2026 12:00;17.08.2026 14:00;Зеленоград, Савёлки;Город Москва, Зеленоград, корпус 304;Нет
700345;Локальная заявка;Низкая скорость;17.08.2026 20:00;17.08.2026 22:00;Московский;Город Москва, Московский, улица Радужная, д. 4;Нет
700346;Подключение;Конвергенция абонента;17.08.2026 10:00;17.08.2026 12:00;Строгино;Город Москва, улица Таллинская, д. 29;Нет
700347;Подключение;Конвергенция абонента;17.08.2026 10:00;17.08.2026 12:00;Троицк;Город Москва, Троицк, Октябрьский проспект, д. 7;Нет
700348;Локальная заявка;Нет линка;17.08.2026 12:00;17.08.2026 14:00;Царицыно;Город Москва, улица Севанская, д. 9;Нет
700349;Подключение;Конвергенция абонента;17.08.2026 16:00;17.08.2026 18:00;Сокольники;Город Москва, улица Стромынка, д. 30;Нет
700350;Подключение;Конвергенция абонента;17.08.2026 12:00;17.08.2026 14:00;Гагаринский;Город Москва, улица Вавилова, д. 18;Нет
700351;Подключение;Конвергенция абонента;17.08.2026 12:00;17.08.2026 14:00;Фили-Давыдково;Город Москва, улица Кастанаевская, д. 27;Нет
700352;Подключение;Заявка на подключение;17.08.2026 20:00;17.08.2026 22:00;Южное Тушино;Город Москва, улица Свободы, д. 16;Нет
700353;Подключение;Конвергенция абонента;17.08.2026 10:00;17.08.2026 12:00;Лосиноостровский;Город Москва, улица Изумрудная, д. 12;Нет
700354;Подключение;Конвергенция абонента;17.08.2026 16:00;17.08.2026 18:00;Марьина Роща;Город Москва, улица Шереметьевская, д. 1;Нет
700355;Локальная заявка;Переключение на Гбит/с;17.08.2026 18:00;17.08.2026 20:00;Коммунарка;Город Москва, Коммунарка, улица Александры Монаховой, д. 22;Нет
700356;Локальная заявка;Нет линка;17.08.2026 12:00;17.08.2026 14:00;Кузьминки;Город Москва, улица Юных Ленинцев, д. 8;Нет
700357;Локальная заявка;Переключение на Гбит/с;17.08.2026 10:00;17.08.2026 12:00;Коммунарка;Город Москва, Коммунарка, улица Александры Монаховой, д. 18;Нет
700358;Глобальная проблема;Авария;17.08.2026 0:01;17.08.2026 23:59;Крылатское;Город Москва, Осенний бульвар, д. 20;Нет
700359;Подключение;Конвергенция абонента;17.08.2026 20:00;17.08.2026 22:00;Вороново;Город Москва, село Вороново, дом 13;Нет
700360;Глобальная проблема;Информация;17.08.2026 10:00;17.08.2026 12:00;Бирюлёво Восточное;Город Москва, улица Бирюлёвская, д. 2;Нет
700361;Локальная заявка;IP-адрес 169...;17.08.2026 10:00;17.08.2026 12:00;Северное Тушино;Город Москва, улица Героев Панфиловцев, д. 20;Нет
700362;Локальная заявка;Нет линка;17.08.2026 12:00;17.08.2026 14:00;Тверской;Город Москва, Тверская улица, д. 12;Нет
700363;Подключение;Заказ подключения/Дозаказ оборудования;17.08.2026 16:00;17.08.2026 18:00;Царицыно;Город Москва, улица Севанская, д. 21;Нет
700364;Подключение;Заявка на подключение;17.08.2026 18:00;17.08.2026 20:00;Люблино;Город Москва, улица Совхозная, д. 27;Да
700365;Подключение;Конвергенция абонента;17.08.2026 10:00;17.08.2026 12:00;Марьина Роща;Город Москва, улица Шереметьевская, д. 27;Нет
700366;Локальная заявка;Переключение на Гбит/с;17.08.2026 18:00;17.08.2026 20:00;Ново-Переделкино;Город Москва, улица Лукинская, д. 1;Нет
700367;Подключение;Конвергенция абонента;17.08.2026 12:00;17.08.2026 14:00;Басманный;Город Москва, Бауманская улица, д. 20;Нет
700368;Глобальная проблема;Авария;17.08.2026 0:01;17.08.2026 23:59;Солнцево;Город Москва, Солнцевский проспект, д. 1;Нет
700369;Локальная заявка;Работа с кабелем;17.08.2026 16:00;17.08.2026 18:00;Коньково;Город Москва, улица Островитянова, д. 21;Нет
700370;Локальная заявка;Роутер. Замена техническим специалистом;17.08.2026 14:00;17.08.2026 16:00;Хорошёво-Мнёвники;Город Москва, улица Маршала Тухачевского, д. 13;Нет
700371;Подключение;Заказ подключения/Дозаказ оборудования;17.08.2026 12:00;17.08.2026 14:00;Раменки;Город Москва, Мичуринский проспект, д. 28;Нет
700372;Локальная заявка;Работа с кабелем;17.08.2026 10:00;17.08.2026 12:00;Тверской;Город Москва, Тверская улица, д. 25;Нет
700373;Подключение;Конвергенция абонента;17.08.2026 20:00;17.08.2026 22:00;Новокосино;Город Москва, улица Новокосинская, д. 18;Нет
700374;Подключение;Заказ подключения/Дозаказ оборудования;17.08.2026 10:00;17.08.2026 12:00;Зеленоград, Савёлки;Город Москва, Зеленоград, корпус 302;Нет
700375;Локальная заявка;Нет линка;17.08.2026 20:00;17.08.2026 22:00;Дорогомилово;Город Москва, Кутузовский проспект, д. 27;Нет
700376;Подключение;Конвергенция абонента;17.08.2026 14:00;17.08.2026 16:00;Арбат;Город Москва, улица Новый Арбат, д. 23;Нет
700377;Локальная заявка;ТВ. Замена приставки техником;17.08.2026 14:00;17.08.2026 16:00;Рогово;Город Москва, посёлок Рогово, улица Юбилейная, д. 1;Нет
700378;Подключение;Конвергенция абонента;17.08.2026 20:00;17.08.2026 22:00;Пресненский;Город Москва, улица Красная Пресня, д. 9;Нет
700379;Глобальная проблема;Авария;17.08.2026 0:01;17.08.2026 23:59;Вороново;Город Москва, село Вороново, дом 24;Нет
700380;Глобальная проблема;Авария;17.08.2026 10:00;17.08.2026 12:00;Зеленоград, Матушкино;Город Москва, Зеленоград, корпус 107;Нет
700381;Локальная заявка;Нет линка;17.08.2026 12:00;17.08.2026 14:00;Академический;Город Москва, улица Шверника, д. 9;Нет
700382;Дозаказ;Дозаказ оборудования;17.08.2026 10:00;17.08.2026 12:00;Зеленоград, Силино;Город Москва, Зеленоград, корпус 1105;Нет
700383;Подключение;Конвергенция абонента;17.08.2026 12:00;17.08.2026 14:00;Фили-Давыдково;Город Москва, улица Кастанаевская, д. 10;Нет
700384;Подключение;Конвергенция абонента;17.08.2026 18:00;17.08.2026 20:00;Бирюлёво Восточное;Город Москва, улица Бирюлёвская, д. 5;Нет
700385;Подключение;Заказ подключения/Дозаказ оборудования;17.08.2026 12:00;17.08.2026 14:00;Бибирево;Город Москва, улица Лескова, д. 1;Нет
700386;Глобальная проблема;Авария;17.08.2026 0:01;17.08.2026 23:59;Люблино;Город Москва, улица Совхозная, д. 21;Нет
700387;Подключение;Конвергенция абонента;17.08.2026 10:00;17.08.2026 12:00;Арбат;Город Москва, улица Новый Арбат, д. 18;Нет
700388;Подключение;Конвергенция абонента;17.08.2026 12:00;17.08.2026 14:00;Замоскворечье;Город Москва, Пятницкая улица, д. 8;Нет
700389;Подключение;Конвергенция абонента;17.08.2026 12:00;17.08.2026 14:00;Фили-Давыдково;Город Москва, улица Кастанаевская, д. 9;Нет
700390;Глобальная проблема;Авария;17.08.2026 0:01;17.08.2026 23:59;Преображенское;Город Москва, улица Большая Черкизовская, д. 25;Нет
700391;Дозаказ;Дозаказ оборудования;17.08.2026 14:00;17.08.2026 16:00;Ново-Переделкино;Город Москва, улица Лукинская, д. 12;Нет
700392;Подключение;Конвергенция абонента;17.08.2026 10:00;17.08.2026 12:00;Хорошёво-Мнёвники;Город Москва, улица Маршала Тухачевского, д. 3;Нет
700393;Подключение;Конвергенция абонента;17.08.2026 12:00;17.08.2026 14:00;Митино;Город Москва, улица Митинская, д. 5;Нет
700394;Локальная заявка;Переключение на Гбит/с;17.08.2026 18:00;17.08.2026 20:00;Лосиноостровский;Город Москва, улица Изумрудная, д. 8;Нет
700395;Локальная заявка;Работа с кабелем;17.08.2026 16:00;17.08.2026 18:00;Некрасовка;Город Москва, улица Рождественская, д. 23;Нет
700396;Глобальная проблема;Авария;17.08.2026 0:01;17.08.2026 23:59;Бибирево;Город Москва, улица Лескова, д. 3;Нет
700397;Дозаказ;Заказ подключения/Дозаказ оборудования;17.08.2026 18:00;17.08.2026 20:00;Свиблово;Город Москва, улица Снежная, д. 10;Нет
700398;Дозаказ;Конвергенция абонента;17.08.2026 20:00;17.08.2026 22:00;Арбат;Город Москва, улица Новый Арбат, д. 10;Нет
700399;Подключение;Заявка на подключение;17.08.2026 10:00;17.08.2026 12:00;Новокосино;Город Москва, улица Новокосинская, д. 24;Нет
700400;Подключение;Заказ подключения/Дозаказ оборудования;17.08.2026 16:00;17.08.2026 18:00;Крылатское;Город Москва, Осенний бульвар, д. 14;Нет
700401;Локальная заявка;Нет линка;17.08.2026 18:00;17.08.2026 20:00;Строгино;Город Москва, улица Таллинская, д. 20;Нет
700402;Подключение;Заказ подключения/Дозаказ оборудования;17.08.2026 10:00;17.08.2026 12:00;Фили-Давыдково;Город Москва, улица Кастанаевская, д. 14;Нет
700403;Глобальная проблема;Авария;17.08.2026 20:00;17.08.2026 22:00;Гагаринский;Город Москва, улица Вавилова, д. 3;Нет
700404;Подключение;Конвергенция абонента;17.08.2026 12:00;17.08.2026 14:00;Замоскворечье;Город Москва, Пятницкая улица, д. 7;Нет
700405;Подключение;Конвергенция абонента;17.08.2026 18:00;17.08.2026 20:00;Западное Дегунино;Город Москва, улица Дегунинская, д. 20;Нет
700406;Локальная заявка;Нет линка;17.08.2026 18:00;17.08.2026 20:00;Зеленоград, Крюково;Город Москва, Зеленоград, корпус 1506;Нет
700407;Подключение;Заказ подключения/Дозаказ оборудования;17.08.2026 10:00;17.08.2026 12:00;Арбат;Город Москва, улица Новый Арбат, д. 17;Нет
700408;Глобальная проблема;Информация;17.08.2026 14:00;17.08.2026 16:00;Таганский;Город Москва, Таганская улица, д. 15;Нет
700409;Локальная заявка;Нет линка;17.08.2026 20:00;17.08.2026 22:00;Перово;Город Москва, улица Новогиреевская, д. 24;Нет
700410;Локальная заявка;TVE/ENT. Замена приставки техником;17.08.2026 12:00;17.08.2026 14:00;Нагатино-Садовники;Город Москва, улица Нагатинская, д. 25;Нет
700411;Глобальная проблема;Авария;17.08.2026 0:01;17.08.2026 23:59;Аэропорт;Город Москва, улица Черняховского, д. 11;Нет
700412;Локальная заявка;Нет линка;17.08.2026 10:00;17.08.2026 12:00;Головинский;Город Москва, Кронштадтский бульвар, д. 14;Нет
700413;Глобальная проблема;Авария;17.08.2026 0:01;17.08.2026 23:59;Гагаринский;Город Москва, улица Вавилова, д. 13;Нет
700414;Дозаказ;Дозаказ оборудования;17.08.2026 18:00;17.08.2026 20:00;Пресненский;Город Москва, улица Красная Пресня, д. 3;Нет
700415;Локальная заявка;Переключение на Гбит/с;17.08.2026 10:00;17.08.2026 12:00;Раменки;Город Москва, Мичуринский проспект, д. 14;Нет
700416;Подключение;Конвергенция абонента;17.08.2026 10:00;17.08.2026 12:00;Арбат;Город Москва, улица Новый Арбат, д. 15;Нет
700417;Подключение;Конвергенция абонента;17.08.2026 10:00;17.08.2026 12:00;Измайлово;Город Москва, Измайловский бульвар, д. 30;Нет
700418;Локальная заявка;Рост ошибок на порту;17.08.2026 10:00;17.08.2026 12:00;Коммунарка;Город Москва, Коммунарка, улица Александры Монаховой, д. 11;Нет
700419;Глобальная проблема;Авария;17.08.2026 20:00;17.08.2026 22:00;Лефортово;Город Москва, улица Авиамоторная, д. 22;Нет
700420;Подключение;Конвергенция абонента;17.08.2026 16:00;17.08.2026 18:00;Кунцево;Город Москва, улица Ярцевская, д. 15;Нет
700421;Подключение;Заявка на подключение;17.08.2026 14:00;17.08.2026 16:00;Измайлово;Город Москва, Измайловский бульвар, д. 17;Нет
700422;Подключение;Конвергенция абонента;17.08.2026 12:00;17.08.2026 14:00;Преображенское;Город Москва, улица Большая Черкизовская, д. 8;Нет
700423;Подключение;Конвергенция абонента;17.08.2026 12:00;17.08.2026 14:00;Головинский;Город Москва, Кронштадтский бульвар, д. 23;Нет
700424;Подключение;Конвергенция абонента;17.08.2026 14:00;17.08.2026 16:00;Зеленоград, Силино;Город Москва, Зеленоград, корпус 1102;Нет
700425;Подключение;Конвергенция абонента;17.08.2026 10:00;17.08.2026 12:00;Аэропорт;Город Москва, улица Черняховского, д. 22;Нет
700426;Локальная заявка;Работа с кабелем;17.08.2026 10:00;17.08.2026 12:00;Сокольники;Город Москва, улица Стромынка, д. 25;Нет
700427;Подключение;Конвергенция абонента;17.08.2026 12:00;17.08.2026 14:00;Отрадное;Город Москва, улица Декабристов, д. 5;Нет
700428;Дозаказ;Дозаказ оборудования;17.08.2026 18:00;17.08.2026 20:00;Митино;Город Москва, улица Митинская, д. 1;Нет
700429;Подключение;Конвергенция абонента;17.08.2026 12:00;17.08.2026 14:00;Свиблово;Город Москва, улица Снежная, д. 21;Нет
700430;Подключение;Конвергенция абонента;17.08.2026 18:00;17.08.2026 20:00;Бирюлёво Восточное;Город Москва, улица Бирюлёвская, д. 11;Нет
700431;Подключение;Конвергенция абонента;17.08.2026 20:00;17.08.2026 22:00;Чертаново Южное;Город Москва, улица Чертановская, д. 8;Нет
700432;Подключение;Конвергенция абонента;17.08.2026 12:00;17.08.2026 14:00;Южное Тушино;Город Москва, улица Свободы, д. 20;Нет
700433;Локальная заявка;Нет линка;17.08.2026 18:00;17.08.2026 20:00;Сокол;Город Москва, улица Новопесчаная, д. 21;Нет
700434;Глобальная проблема;Информация;17.08.2026 14:00;17.08.2026 16:00;Измайлово;Город Москва, Измайловский бульвар, д. 18;Нет
700435;Локальная заявка;TVE/ENT. Другие ошибки;17.08.2026 16:00;17.08.2026 18:00;Хамовники;Город Москва, Комсомольский проспект, д. 2;Нет
700436;Подключение;Конвергенция абонента;17.08.2026 10:00;17.08.2026 12:00;Вешняки;Город Москва, улица Вешняковская, д. 25;Нет
700437;Подключение;Заказ подключения/Дозаказ оборудования;17.08.2026 14:00;17.08.2026 16:00;Сокольники;Город Москва, улица Стромынка, д. 28;Нет
700438;Дозаказ;Заказ подключения/Дозаказ оборудования;17.08.2026 10:00;17.08.2026 12:00;Измайлово;Город Москва, Измайловский бульвар, д. 6;Да
700439;Локальная заявка;Низкая скорость;17.08.2026 12:00;17.08.2026 14:00;Отрадное;Город Москва, улица Декабристов, д. 19;Нет
700440;Локальная заявка;Работа с кабелем;17.08.2026 20:00;17.08.2026 22:00;Лефортово;Город Москва, улица Авиамоторная, д. 24;Нет
700441;Локальная заявка;IP-адрес 169...;17.08.2026 16:00;17.08.2026 18:00;Дорогомилово;Город Москва, Кутузовский проспект, д. 20;Нет
700442;Подключение;Конвергенция абонента;17.08.2026 12:00;17.08.2026 14:00;Митино;Город Москва, улица Митинская, д. 7;Нет
700443;Локальная заявка;Нет линка;17.08.2026 18:00;17.08.2026 20:00;Коммунарка;Город Москва, Коммунарка, улица Александры Монаховой, д. 28;Нет
700444;Локальная заявка;IP-адрес 169...;17.08.2026 14:00;17.08.2026 16:00;Коньково;Город Москва, улица Островитянова, д. 5;Нет
700445;Подключение;Конвергенция абонента;17.08.2026 14:00;17.08.2026 16:00;Пресненский;Город Москва, улица Красная Пресня, д. 25;Нет
700446;Локальная заявка;IP-адрес 169...;17.08.2026 16:00;17.08.2026 18:00;Лефортово;Город Москва, улица Авиамоторная, д. 3;Нет
700447;Локальная заявка;IP-адрес 169...;17.08.2026 12:00;17.08.2026 14:00;Марьино;Город Москва, улица Братиславская, д. 19;Нет
700448;Подключение;Заявка на подключение;17.08.2026 10:00;17.08.2026 12:00;Зеленоград, Матушкино;Город Москва, Зеленоград, корпус 104;Нет
700449;Локальная заявка;Нет линка;17.08.2026 18:00;17.08.2026 20:00;Московский;Город Москва, Московский, улица Радужная, д. 23;Нет
700450;Подключение;Конвергенция абонента;17.08.2026 18:00;17.08.2026 20:00;Ново-Переделкино;Город Москва, улица Лукинская, д. 7;Нет
700451;Локальная заявка;Нет линка;17.08.2026 14:00;17.08.2026 16:00;Коптево;Город Москва, улица Большая Академическая, д. 27;Нет
700452;Подключение;Конвергенция абонента;17.08.2026 12:00;17.08.2026 14:00;Марьина Роща;Город Москва, улица Шереметьевская, д. 13;Нет
700453;Глобальная проблема;Авария;17.08.2026 10:00;17.08.2026 12:00;Южное Бутово;Город Москва, улица Южнобутовская, д. 10;Нет
700454;Локальная заявка;Нет линка;17.08.2026 10:00;17.08.2026 12:00;Рогово;Город Москва, посёлок Рогово, улица Юбилейная, д. 22;Нет
700455;Локальная заявка;IP-адрес 169...;17.08.2026 10:00;17.08.2026 12:00;Даниловский;Город Москва, улица Автозаводская, д. 26;Нет
700456;Дозаказ;Заказ подключения/Дозаказ оборудования;17.08.2026 10:00;17.08.2026 12:00;Люблино;Город Москва, улица Совхозная, д. 18;Да
700457;Подключение;Конвергенция абонента;17.08.2026 20:00;17.08.2026 22:00;Головинский;Город Москва, Кронштадтский бульвар, д. 12;Нет
700458;Локальная заявка;Нет линка;17.08.2026 12:00;17.08.2026 14:00;Головинский;Город Москва, Кронштадтский бульвар, д. 2;Нет
700459;Локальная заявка;Нет линка;17.08.2026 12:00;17.08.2026 14:00;Зеленоград, Савёлки;Город Москва, Зеленоград, корпус 306;Нет
700460;Подключение;Конвергенция абонента;17.08.2026 14:00;17.08.2026 16:00;Свиблово;Город Москва, улица Снежная, д. 2;Нет
700461;Локальная заявка;Нет линка;17.08.2026 14:00;17.08.2026 16:00;Зеленоград, Матушкино;Город Москва, Зеленоград, корпус 102;Нет
700462;Подключение;Конвергенция абонента;17.08.2026 10:00;17.08.2026 12:00;Западное Дегунино;Город Москва, улица Дегунинская, д. 29;Нет
700463;Подключение;Конвергенция абонента;17.08.2026 12:00;17.08.2026 14:00;Сокол;Город Москва, улица Новопесчаная, д. 4;Нет
700464;Подключение;Конвергенция абонента;17.08.2026 16:00;17.08.2026 18:00;Марьино;Город Москва, улица Братиславская, д. 30;Нет
700465;Локальная заявка;IP-адрес 169...;17.08.2026 12:00;17.08.2026 14:00;Хамовники;Город Москва, Комсомольский проспект, д. 6;Нет
700466;Глобальная проблема;Авария;17.08.2026 0:01;17.08.2026 23:59;Дорогомилово;Город Москва, Кутузовский проспект, д. 21;Нет
700467;Глобальная проблема;Авария;17.08.2026 20:00;17.08.2026 22:00;Строгино;Город Москва, улица Таллинская, д. 14;Нет
700468;Подключение;Конвергенция абонента;17.08.2026 16:00;17.08.2026 18:00;Таганский;Город Москва, Таганская улица, д. 9;Нет
700469;Подключение;Конвергенция абонента;17.08.2026 14:00;17.08.2026 16:00;Фили-Давыдково;Город Москва, улица Кастанаевская, д. 21;Нет
700470;Локальная заявка;Нет линка;17.08.2026 20:00;17.08.2026 22:00;Даниловский;Город Москва, улица Автозаводская, д. 12;Нет
700471;Локальная заявка;Работа с кабелем;17.08.2026 10:00;17.08.2026 12:00;Перово;Город Москва, улица Новогиреевская, д. 1;Нет
700472;Подключение;Конвергенция абонента;17.08.2026 10:00;17.08.2026 12:00;Басманный;Город Москва, Бауманская улица, д. 21;Нет
700473;Дозаказ;Дозаказ оборудования;17.08.2026 14:00;17.08.2026 16:00;Северное Тушино;Город Москва, улица Героев Панфиловцев, д. 26;Нет
700474;Локальная заявка;TVE/ENT. Другие ошибки;17.08.2026 16:00;17.08.2026 18:00;Северное Тушино;Город Москва, улица Героев Панфиловцев, д. 28;Нет
700475;Подключение;Конвергенция абонента;17.08.2026 16:00;17.08.2026 18:00;Северное Тушино;Город Москва, улица Героев Панфиловцев, д. 13;Нет
700476;Подключение;Конвергенция абонента;17.08.2026 12:00;17.08.2026 14:00;Академический;Город Москва, улица Шверника, д. 8;Нет
700477;Подключение;Конвергенция абонента;17.08.2026 12:00;17.08.2026 14:00;Новокосино;Город Москва, улица Новокосинская, д. 25;Нет
700478;Подключение;Конвергенция абонента;17.08.2026 18:00;17.08.2026 20:00;Ясенево;Город Москва, Литовский бульвар, д. 19;Нет
700479;Локальная заявка;Нет линка;17.08.2026 16:00;17.08.2026 18:00;Отрадное;Город Москва, улица Декабристов, д. 26;Нет
700480;Подключение;Заявка на подключение;17.08.2026 12:00;17.08.2026 14:00;Бирюлёво Восточное;Город Москва, улица Бирюлёвская, д. 20;Нет
700481;Локальная заявка;Мониторинг;17.08.2026 18:00;17.08.2026 20:00;Фили-Давыдково;Город Москва, улица Кастанаевская, д. 13;Нет
700482;Подключение;Заказ подключения/Дозаказ оборудования;17.08.2026 12:00;17.08.2026 14:00;Зеленоград, Савёлки;Город Москва, Зеленоград, корпус 307;Нет
700483;Локальная заявка;Роутер. Замена техническим специалистом;17.08.2026 14:00;17.08.2026 16:00;Академический;Город Москва, улица Шверника, д. 26;Нет
700484;Локальная заявка;Переключение на Гбит/с;17.08.2026 20:00;17.08.2026 22:00;Московский;Город Москва, Московский, улица Радужная, д. 2;Нет
700485;Подключение;Заказ подключения/Дозаказ оборудования;17.08.2026 12:00;17.08.2026 14:00;Южное Тушино;Город Москва, улица Свободы, д. 4;Нет
700486;Локальная заявка;Нет линка;17.08.2026 18:00;17.08.2026 20:00;Коммунарка;Город Москва, Коммунарка, улица Александры Монаховой, д. 30;Нет
700487;Подключение;Заявка на подключение;17.08.2026 10:00;17.08.2026 12:00;Московский;Город Москва, Московский, улица Радужная, д. 21;Нет
700488;Глобальная проблема;Авария;17.08.2026 0:01;17.08.2026 23:59;Сокольники;Город Москва, улица Стромынка, д. 12;Нет
700489;Подключение;Конвергенция абонента;17.08.2026 18:00;17.08.2026 20:00;Ясенево;Город Москва, Литовский бульвар, д. 13;Нет
700490;Локальная заявка;Роутер. Замена техническим специалистом;17.08.2026 12:00;17.08.2026 14:00;Гагаринский;Город Москва, улица Вавилова, д. 11;Нет
700491;Подключение;Конвергенция абонента;17.08.2026 10:00;17.08.2026 12:00;Дорогомилово;Город Москва, Кутузовский проспект, д. 12;Нет
700492;Подключение;Конвергенция абонента;17.08.2026 10:00;17.08.2026 12:00;Аэропорт;Город Москва, улица Черняховского, д. 3;Нет
700493;Подключение;Конвергенция абонента;17.08.2026 10:00;17.08.2026 12:00;Западное Дегунино;Город Москва, улица Дегунинская, д. 8;Нет
700494;Локальная заявка;Разрывы;17.08.2026 12:00;17.08.2026 14:00;Марьина Роща;Город Москва, улица Шереметьевская, д. 5;Нет
700495;Локальная заявка;Роутер. Замена техническим специалистом;17.08.2026 12:00;17.08.2026 14:00;Ясенево;Город Москва, Литовский бульвар, д. 9;Нет
700496;Локальная заявка;Нет линка;17.08.2026 12:00;17.08.2026 14:00;Зеленоград, Крюково;Город Москва, Зеленоград, корпус 1504;Нет
700497;Дозаказ;Дозаказ оборудования;17.08.2026 20:00;17.08.2026 22:00;Хамовники;Город Москва, Комсомольский проспект, д. 19;Нет
700498;Подключение;Конвергенция абонента;17.08.2026 16:00;17.08.2026 18:00;Зеленоград, Крюково;Город Москва, Зеленоград, корпус 1505;Нет
700499;Подключение;Конвергенция абонента;17.08.2026 14:00;17.08.2026 16:00;Зеленоград, Силино;Город Москва, Зеленоград, корпус 1103;Нет
700500;Подключение;Заказ подключения/Дозаказ оборудования;17.08.2026 12:00;17.08.2026 14:00;Головинский;Город Москва, Кронштадтский бульвар, д. 5;Нет
;;;;;;;
;;;;;;;
Адрес офиса;г. Москва, ул. Шаболовка, д. 10 к 1;;;;;;
