Заявка;Тип заявки BK;Статус BK;Тип заявки HD;Начало;Окончание;Район;Адрес;Гигабитное подключение
307782708;Подключение;Отменена;Заказ подключения/Дозаказ оборудования;28.09.2026 12:00;28.09.2026 14:00;Таганский;Город Москва, пер.Ковров, д. 28 стр. 1;Да
307822170;Подключение;Отменена;Конвергенция абонента;28.09.2026 12:00;28.09.2026 14:00;Выхино;Город Москва, ул.Ташкентская, д. 4 к 2;Да
306091229;Подключение;Отменена;Конвергенция абонента;28.09.2026 18:00;28.09.2026 20:00;Текстильщики;Город Москва, проезд.1-й Саратовский, д. 7 к 1;Да
307822139;Подключение;Отменена;Заказ подключения/Дозаказ оборудования;28.09.2026 18:00;28.09.2026 20:00;GPON Нижегородский;Город Москва, ул.Нижняя Хохловка, д. 8;Да
307823010;Подключение;Отменена;Конвергенция абонента;28.09.2026 12:00;28.09.2026 14:00;Текстильщики;Город Москва, ул.8-я Текстильщиков, д. 2 к 1;Да
296945453;Подключение;Отменена;Конвергенция абонента;28.09.2026 12:00;28.09.2026 14:00;Таганский;Город Москва, ул.Малая Калитниковская, д. 2 к 2;Нет
306878865;Подключение;Отменена;Конвергенция абонента;28.09.2026 10:00;28.09.2026 12:00;Рязанский;Город Москва, ул.Фёдора Полетаева, д. 15 к 3;Нет
306946005;Подключение;Отменена;Заказ подключения/Дозаказ оборудования;28.09.2026 12:00;28.09.2026 14:00;Лефортово;Город Москва, ул.Ухтомская, д. 21;Да
307170619;Подключение;Отменена;Конвергенция абонента;28.09.2026 10:00;28.09.2026 12:00;Выхино;Город Москва, пр-кт.Рязанский, д. 70 к 3;Да
307440847;Подключение;Отменена;Заявка на подключение;28.09.2026 10:00;28.09.2026 12:00;Южнопортовый;Город Москва, ул.Сайкина, д. 7;Да
307493420;Подключение;Отменена;Конвергенция абонента;28.09.2026 10:00;28.09.2026 12:00;Басманный;Город Москва, ул.Госпитальный Вал, д. 3 к 2;Да
307712479;Подключение;Отменена;Конвергенция абонента;28.09.2026 14:00;28.09.2026 16:00;Нижегородский;Город Москва, ул.2-я Карачаровская, д. 10;Да
307740087;Подключение;Отменена;Конвергенция абонента;28.09.2026 10:00;28.09.2026 12:00;GPON Выхино;Город Москва, ул.Академика Скрябина, д. 3/1 к 1;Нет
307748957;Подключение;Отменена;Конвергенция абонента;28.09.2026 10:00;28.09.2026 12:00;Выхино;Город Москва, пр-кт.Рязанский, д. 62;Нет
307756062;Подключение;Отменена;Заявка на подключение;28.09.2026 12:00;28.09.2026 14:00;Рязанский;Город Москва, ул.Паперника, д. 21;Нет
307785792;Подключение;Отменена;Конвергенция абонента;28.09.2026 16:00;28.09.2026 18:00;Басманный;Город Москва, ул.Госпитальный Вал, д. 5 стр. 1;Да
307794001;Подключение;Отменена;Заявка на подключение;28.09.2026 12:00;28.09.2026 14:00;Кузьминки;Город Москва, ул.Зеленодольская, д. 36 к 1;Нет
307463714;Подключение;Выполнена;Конвергенция абонента;28.09.2026 14:00;28.09.2026 16:00;Выхино;Город Москва, ул.Ферганская, д. 9 к 3;Да
307811517;Подключение;Выполнена;Конвергенция абонента;28.09.2026 10:00;28.09.2026 12:00;Выхино;Город Москва, пр-кт.Рязанский, д. 68 к 1;Да
307225762;Подключение;Выполнена;Конвергенция абонента;28.09.2026 18:00;28.09.2026 20:00;Текстильщики;Город Москва, ул.Юных Ленинцев, д. 6;Да
307776653;Подключение;Выполнена;Конвергенция абонента;28.09.2026 14:00;28.09.2026 16:00;Южнопортовый;Город Москва, ул.Шарикоподшипниковская, д. 2А;Да
307605882;Подключение;Выполнена;Конвергенция абонента;28.09.2026 10:00;28.09.2026 12:00;Таганский;Город Москва, пер.1-й Гончарный, д. 7;Да
307642717;Подключение;Выполнена;Конвергенция абонента;28.09.2026 14:00;28.09.2026 16:00;Таганский;Город Москва, ул.Иерусалимская, д. 6;Да
307469038;Подключение;Выполнена;Конвергенция абонента;28.09.2026 16:00;28.09.2026 18:00;Таганский;Город Москва, ул.Рогожский Вал, д. 4;Да
307789805;Подключение;Выполнена;Конвергенция абонента;28.09.2026 10:00;28.09.2026 12:00;Таганский;Город Москва, ул.Рогожский Вал, д. 13 к 2;Да
307822935;Подключение;Выполнена;Конвергенция абонента;28.09.2026 12:00;28.09.2026 14:00;Таганский;Город Москва, ул.Рогожский Вал, д. 13 к 2;Да
307815558;Подключение;Выполнена;Конвергенция абонента;28.09.2026 10:00;28.09.2026 12:00;Выхино;Город Москва, проезд.Ферганский, д. 8;Да
307846867;Подключение;Выполнена;Заказ подключения/Дозаказ оборудования;28.09.2026 16:00;28.09.2026 18:00;Выхино;Город Москва, ул.Ташкентская, д. 34 к 1;Да
307655264;Подключение;Выполнена;Конвергенция абонента;28.09.2026 10:00;28.09.2026 12:00;Лефортово;Город Москва, ул.Сторожевая, д. 30 к 3;Нет
307739046;Подключение;Выполнена;Конвергенция абонента;28.09.2026 12:00;28.09.2026 14:00;Лефортово;Город Москва, ул.Авиамоторная, д. 4 к 1;Да
307755140;Подключение;Выполнена;Конвергенция абонента;28.09.2026 14:00;28.09.2026 16:00;Лефортово;Город Москва, ул.Шепелюгинская, д. 10 к 1;Да
306908886;Подключение;Выполнена;Конвергенция абонента;28.09.2026 10:00;28.09.2026 12:00;Кузьминки;Город Москва, ул.Зеленодольская, д. 28Б;Да
307711477;Подключение;Выполнена;Конвергенция абонента;28.09.2026 18:00;28.09.2026 20:00;Текстильщики;Город Москва, ул.Грайвороновская, д. 16 к 2;Да
307785695;Подключение;Выполнена;Конвергенция абонента;28.09.2026 16:00;28.09.2026 18:00;Кузьминки;Город Москва, ул.Окская, д. 12 к 2;Да
307847534;Подключение;Выполнена;Конвергенция абонента;28.09.2026 14:00;28.09.2026 16:00;Кузьминки;Город Москва, пр-кт.Волгоградский, д. 138 к 4;Да
307738039;Подключение;Выполнена;Конвергенция абонента;28.09.2026 18:00;28.09.2026 20:00;Рязанский;Город Москва, пр-кт.Рязанский, д. 42/1;Нет
307824067;Подключение;Выполнена;Конвергенция абонента;28.09.2026 10:00;28.09.2026 12:00;Рязанский;Город Москва, ул.Фёдора Полетаева, д. 5 к 2;Нет
307752494;Подключение;Выполнена;Конвергенция абонента;28.09.2026 12:00;28.09.2026 14:00;Южнопортовый;Город Москва, ул.6-я Кожуховская, д. 24;Да
306572236;Подключение;Выполнена;Конвергенция абонента;28.09.2026 10:00;28.09.2026 12:00;Нижегородский;Город Москва, ул.Новохохловская, д. 7;Нет
307594563;Подключение;Выполнена;Конвергенция абонента;28.09.2026 16:00;28.09.2026 18:00;Нижегородский;Город Москва, пер.Подъёмный, д. 1;Нет
307783011;Подключение;Выполнена;Конвергенция абонента;28.09.2026 10:00;28.09.2026 12:00;Кузьминки;Город Москва, ул.Фёдора Полетаева, д. 8 к 2;Да
307758400;Подключение;Выполнена;Конвергенция абонента;28.09.2026 14:00;28.09.2026 16:00;Выхино;Город Москва, б-р.Самаркандский, д. к7;Нет
307702670;Подключение;Выполнена;Конвергенция абонента;28.09.2026 16:00;28.09.2026 18:00;Лефортово;Город Москва, ул.Волочаевская, д. 8;Да
307783340;Подключение;Выполнена;Заказ подключения/Дозаказ оборудования;28.09.2026 12:00;28.09.2026 14:00;Лефортово;Город Москва, ул.Наличная, д. 5;Да
307852764;Подключение;Выполнена;Заявка на подключение;28.09.2026 16:00;28.09.2026 18:00;Лефортово;Город Москва, ул.Волочаевская, д. 12;Да
307761748;Подключение;Просрочена;Конвергенция абонента;28.09.2026 10:00;28.09.2026 12:00;Лефортово;Город Москва, ул.Ухтомская, д. 9;Да
307823224;Дозаказ;Выполнена;Дозаказ оборудования;28.09.2026 12:00;28.09.2026 14:00;Выхино;Город Москва, пр-кт.Рязанский, д. 91 к 1;Нет
307811108;Локальная заявка;Отменена;ТВ. Рассыпание/замирание картинки;28.09.2026 18:00;28.09.2026 20:00;Лефортово;Город Москва, ул.Волочаевская, д. 18;Нет
307821765;Локальная заявка;Отменена;Роутер. Замена техническим специалистом;28.09.2026 18:00;28.09.2026 20:00;Лефортово;Город Москва, ул.Душинская, д. 18 к 1;Нет
307817272;Локальная заявка;Выполнена;Низкая скорость;28.09.2026 18:00;28.09.2026 20:00;Выхино;Город Москва, ул.Ферганская, д. 9 к 1;Нет
307857118;Локальная заявка;Выполнена;Роутер. Замена техническим специалистом;28.09.2026 20:00;28.09.2026 22:00;Кузьминки;Город Москва, б-р.Волжский, к 2;Нет
307764589;Локальная заявка;Выполнена;Нет линка;28.09.2026 12:00;28.09.2026 14:00;Южнопортовый;Город Москва, ул.Симоновский Вал, д. 13 к 2;Нет
307818202;Локальная заявка;Выполнена;Работа с кабелем;28.09.2026 10:00;28.09.2026 12:00;Южнопортовый;Город Москва, ул.5-я Кожуховская, д. 22 к 2;Нет
307824835;Локальная заявка;Выполнена;Низкая скорость;28.09.2026 14:00;28.09.2026 16:00;Южнопортовый;Город Москва, ул.Шарикоподшипниковская, д. 36/18;Нет
307825340;Локальная заявка;Выполнена;Низкая скорость;28.09.2026 16:00;28.09.2026 18:00;Текстильщики;Город Москва, ул.Люблинская, д. 23;Нет
307851494;Локальная заявка;Выполнена;Нет линка;28.09.2026 18:00;28.09.2026 20:00;Текстильщики;Город Москва, ул.Юных Ленинцев, д. 18 к 2;Нет
307824285;Локальная заявка;Выполнена;Работа с кабелем;28.09.2026 12:00;28.09.2026 14:00;Басманный;Город Москва, ул.Госпитальный Вал, д. 5 к 18;Нет
307835818;Локальная заявка;Выполнена;ТВ. Замена приставки техником;28.09.2026 12:00;28.09.2026 14:00;Кузьминки;Город Москва, ул.Жигулёвская, д. 5 к 3;Нет
307853970;Локальная заявка;Выполнена;Работа с кабелем;28.09.2026 20:00;28.09.2026 22:00;Басманный;Город Москва, ул.Новая Дорога, д. 3;Нет
307811381;Локальная заявка;Выполнена;Переключение на Гбит/с;28.09.2026 12:00;28.09.2026 14:00;Кузьминки;Город Москва, пр-кт.Волгоградский, д. 110 к 3;Нет
307816988;Локальная заявка;Выполнена;Нет линка;28.09.2026 10:00;28.09.2026 12:00;Кузьминки;Город Москва, пр-кт.Волгоградский, д. 155 к 2;Нет
307820440;Локальная заявка;Выполнена;Низкая скорость;28.09.2026 14:00;28.09.2026 16:00;Кузьминки;Город Москва, б-р.Есенинский, д. 9 к 3;Нет
307829089;Локальная заявка;Выполнена;Низкая скорость;28.09.2026 18:00;28.09.2026 20:00;Текстильщики;Город Москва, б-р.Волжский, д. 20;Нет
307794170;Локальная заявка;Выполнена;Нет линка;28.09.2026 16:00;28.09.2026 18:00;Рязанский;Город Москва, ул.Михайлова, д. 31А;Нет
307843208;Локальная заявка;Выполнена;Работа с кабелем;28.09.2026 20:00;28.09.2026 22:00;Рязанский;Город Москва, ул.Михайлова, д. 33 к 1;Нет
307823553;Локальная заявка;Выполнена;ТВ. Замена приставки техником;28.09.2026 10:00;28.09.2026 12:00;Южнопортовый;Город Москва, ул.Шарикоподшипниковская, д. 18;Нет
307825205;Локальная заявка;Выполнена;Нет линка;28.09.2026 14:00;28.09.2026 16:00;Южнопортовый;Город Москва, ул.Велозаводская, д. 3/2;Нет
307825429;Локальная заявка;Выполнена;Нет линка;28.09.2026 14:00;28.09.2026 16:00;Текстильщики;Город Москва, ул.Люблинская, д. 35 к 1;Нет
307608483;Локальная заявка;Просрочена;Нет линка;28.09.2026 16:00;28.09.2026 18:00;Кузьминки;Город Москва, ул.Юных Ленинцев, д. 57 к 2;Нет
307766703;Глобальная проблема;Выполнена;Информация;28.09.2026 10:00;28.09.2026 12:00;Выхино;г.Город Москва, пр-кт.Рязанский, д. 62;Нет
307827935;Глобальная проблема;Выполнена;Авария;28.09.2026 12:00;28.09.2026 14:00;Выхино;г.Город Москва, ул.Ташкентская, д. 10к1;Нет
307865331;Глобальная проблема;Выполнена;Информация;28.09.2026 20:00;28.09.2026 22:00;Южнопортовый;г.Город Москва, проезд.2-й Южнопортовый, д. 15;Нет
307731942;Глобальная проблема;Выполнена;Информация;28.09.2026 18:00;28.09.2026 20:00;Таганский;г.Город Москва, ул.Абельмановская, д. 3;Нет
302390330;Глобальная проблема;Просрочена;Авария;28.09.2026 0:01;28.09.2026 23:59;Выхино;Москва Ташкентская ул. д. 19;Нет
