Заявка;Тип заявки BK;Статус BK;Тип заявки HD;Начало;Окончание;Район;Адрес
307353383;Подключение;Отменена;Конвергенция абонента;28.09.2026 16:00;28.09.2026 18:00;Бирюлево Восточное;Город Москва, ул.Лебедянская, д. 32
307850441;Подключение;Отменена;Конвергенция абонента;28.09.2026 18:00;28.09.2026 20:00;Бирюлево Восточное;Город Москва, ул.6-я Радиальная, д. 7/1 к 1
307818771;Подключение;Отменена;Конвергенция абонента;28.09.2026 12:00;28.09.2026 14:00;Царицыно;Город Москва, ул.Севанская, д. 4
306199865;Подключение;Отменена;Конвергенция абонента;28.09.2026 10:00;28.09.2026 12:00;Бирюлево Восточное;Город Москва, ул.Липецкая, д. 8
306203555;Подключение;Отменена;Конвергенция абонента;28.09.2026 16:00;28.09.2026 18:00;Москворечье - Сабурово;Город Москва, ул.Кантемировская, д. 4 к 1
307017724;Подключение;Отменена;Конвергенция абонента;28.09.2026 12:00;28.09.2026 14:00;Бирюлево Восточное;Город Москва, ул.Загорьевская, д. 16 к 2
307166741;Подключение;Отменена;Конвергенция абонента;28.09.2026 20:00;28.09.2026 22:00;Царицыно;Город Москва, ул.Севанская, д. 8
307232218;Подключение;Отменена;Конвергенция абонента;28.09.2026 18:00;28.09.2026 20:00;Царицыно;Город Москва, ул.Севанская, д. 9 к 3
307572392;Подключение;Отменена;Конвергенция абонента;28.09.2026 12:00;28.09.2026 14:00;Орехово Борисово Южное;Город Москва, ул.Тамбовская, д. 3/13
307631528;Подключение;Отменена;Конвергенция абонента;28.09.2026 10:00;28.09.2026 12:00;Бирюлево Восточное;Город Москва, проезд.Загорьевский, д. 3 к 3
307687318;Подключение;Отменена;Заявка на подключение;28.09.2026 10:00;28.09.2026 12:00;Орехово Борисово Северное;Город Москва, проезд.Борисовский, д. 26
307692103;Подключение;Отменена;Конвергенция абонента;28.09.2026 10:00;28.09.2026 12:00;Орехово Борисово Южное;Город Москва, ул.Воронежская, д. 52 к 1
307707998;Подключение;Отменена;Конвергенция абонента;28.09.2026 12:00;28.09.2026 14:00;Бирюлево Восточное;Город Москва, ул.6-я Радиальная, д. 3 к 2
307778993;Подключение;Отменена;Конвергенция абонента;28.09.2026 12:00;28.09.2026 14:00;Кашира;Кашира, ул.Вахрушева, д. 18 к 2
307653839;Подключение;Выполнена;Конвергенция абонента;28.09.2026 12:00;28.09.2026 14:00;Орехово Борисово Южное;Город Москва, ул.Ясеневая, д. 27/25
307681249;Подключение;Выполнена;Конвергенция абонента;28.09.2026 16:00;28.09.2026 18:00;Орехово Борисово Южное;Город Москва, ул.Елецкая, д. 18
307398994;Подключение;Выполнена;Заказ подключения/Дозаказ оборудования;28.09.2026 10:00;28.09.2026 12:00;Домодедово;Домодедово, ул.Чкалова, д. 2
307780597;Подключение;Выполнена;Конвергенция абонента;28.09.2026 14:00;28.09.2026 16:00;Домодедово;Домодедово, ул.Корнеева, д. 36
307810302;Подключение;Выполнена;Заказ подключения/Дозаказ оборудования;28.09.2026 10:00;28.09.2026 12:00;Бирюлево Восточное;Город Москва, ул.6-я Радиальная, д. 7/6 к 3
307395434;Подключение;Выполнена;Конвергенция абонента;28.09.2026 18:00;28.09.2026 20:00;Домодедово;Домодедово, ул.Талалихина, д. 10
307758683;Подключение;Выполнена;Конвергенция абонента;28.09.2026 12:00;28.09.2026 14:00;Домодедово;Домодедово, ул.Гагарина, д. 55/1
307787006;Подключение;Выполнена;Конвергенция абонента;28.09.2026 16:00;28.09.2026 18:00;Домодедово;Домодедово, ул.1-я Коммунистическая, д. 39
307756771;Подключение;Выполнена;Конвергенция абонента;28.09.2026 12:00;28.09.2026 14:00;Царицыно;Город Москва, ул.Медиков, д. 12
307779924;Подключение;Выполнена;Конвергенция абонента;28.09.2026 14:00;28.09.2026 16:00;Москворечье - Сабурово;Город Москва, ул.Москворечье, д. 4 к 5
307763173;Подключение;Выполнена;Конвергенция абонента;28.09.2026 10:00;28.09.2026 12:00;Братеево;Город Москва, ул.Борисовские Пруды, д. 16 к 5
307790994;Подключение;Выполнена;Заявка на подключение;28.09.2026 10:00;28.09.2026 12:00;Братеево;Город Москва, ул.Паромная, д. 7 к 3
307780177;Подключение;Выполнена;Конвергенция абонента;28.09.2026 12:00;28.09.2026 14:00;Орехово Борисово Северное;Город Москва, ул.Шипиловская, д. 5 к 1
307794932;Подключение;Выполнена;Заявка на подключение;28.09.2026 10:00;28.09.2026 12:00;Орехово Борисово Северное;Город Москва, б-р.Ореховый, д. 11 к 1
307654719;Подключение;Выполнена;Конвергенция абонента;28.09.2026 12:00;28.09.2026 14:00;Кашира;Кашира, ул.Ленина, д. 7 к 2
307677037;Подключение;Выполнена;Конвергенция абонента;28.09.2026 10:00;28.09.2026 12:00;Орехово Борисово Северное;Город Москва, ул.Маршала Захарова, д. 23
307739150;Подключение;Выполнена;Конвергенция абонента;28.09.2026 14:00;28.09.2026 16:00;Орехово Борисово Северное;Город Москва, проезд.Борисовский, д. 46 к 1
307777300;Подключение;Выполнена;Конвергенция абонента;28.09.2026 12:00;28.09.2026 14:00;Орехово Борисово Северное;Город Москва, ш.Каширское, д. 80 к 2
307819484;Подключение;Выполнена;Конвергенция абонента;28.09.2026 14:00;28.09.2026 16:00;Зябликово;Город Москва, б-р.Ореховый, д. 22
307820285;Подключение;Выполнена;Конвергенция абонента;28.09.2026 10:00;28.09.2026 12:00;Зябликово;Город Москва, ул.Мусы Джалиля, д. 44/45
307823823;Подключение;Выполнена;Заявка на подключение;28.09.2026 10:00;28.09.2026 12:00;Зябликово;Город Москва, б-р.Ореховый, д. 61 к 1
306608940;Подключение;Выполнена;Конвергенция абонента;28.09.2026 16:00;28.09.2026 18:00;Бирюлево Западное;Город Москва, ул.Медынская, д. 14 к 1
307852720;Подключение;Выполнена;Конвергенция абонента;28.09.2026 16:00;28.09.2026 18:00;Бирюлево Западное;Город Москва, ул.Медынская, д. 4 к 1
307857092;Дозаказ;Отменена;Дозаказ оборудования;28.09.2026 18:00;28.09.2026 20:00;Орехово Борисово Северное;Город Москва, проезд.Борисовский, д. 1 к 2
307868595;Дозаказ;Выполнена;Дозаказ оборудования;28.09.2026 20:00;28.09.2026 22:00;Орехово Борисово Южное;Город Москва, ул.Елецкая, д. 9 к 3
307864953;Дозаказ;Выполнена;Дозаказ оборудования;28.09.2026 20:00;28.09.2026 22:00;Москворечье - Сабурово;Город Москва, ул.Кантемировская, д. 16 к 1А
307725450;Дозаказ;Просрочена;Заказ подключения/Дозаказ оборудования;28.09.2026 10:00;28.09.2026 12:00;Царицыно;Город Москва, ул.Бакинская, д. 16
307857395;Дозаказ;Просрочена;Заказ подключения/Дозаказ оборудования;28.09.2026 20:00;28.09.2026 22:00;Москворечье - Сабурово;Город Москва, ул.Кантемировская, д. 4 к 1
307814536;Локальная заявка;В пути;Переключение на Гбит/с;28.09.2026 10:00;28.09.2026 12:00;Кашира;Кашира, ул.Ленина, д. 15 к 4
307705876;Локальная заявка;Отменена;Нет линка;28.09.2026 10:00;28.09.2026 12:00;Домодедово;Домодедово, ул.Корнеева, д. 40Б
307792161;Локальная заявка;Отменена;Нет линка;28.09.2026 10:00;28.09.2026 12:00;Москворечье - Сабурово;Город Москва, ул.Кантемировская, д. 16 к 1А
307793973;Локальная заявка;Отменена;Нет линка;28.09.2026 18:00;28.09.2026 20:00;Бирюлево Западное;Город Москва, ул.Харьковская, д. 3 к 3
307738335;Локальная заявка;Выполнена;Нет линка;28.09.2026 12:00;28.09.2026 14:00;Орехово Борисово Южное;Город Москва, ул.Воронежская, д. 28 к 1
307814285;Локальная заявка;Выполнена;Разрывы;28.09.2026 16:00;28.09.2026 18:00;Орехово Борисово Южное;Город Москва, ул.Домодедовская, д. 24 к 1
307824231;Локальная заявка;Выполнена;Разрывы;28.09.2026 10:00;28.09.2026 12:00;Орехово Борисово Южное;Город Москва, ул.Домодедовская, д. 24 к 1
307827419;Локальная заявка;Выполнена;Переключение на Гбит/с;28.09.2026 10:00;28.09.2026 12:00;Орехово Борисово Южное;Город Москва, ул.Домодедовская, д. 24 к 1
307850557;Локальная заявка;Выполнена;Разрывы;28.09.2026 14:00;28.09.2026 16:00;Орехово Борисово Южное;Город Москва, ул.Воронежская, д. 48 к 1
307851947;Локальная заявка;Выполнена;Переключение на Гбит/с;28.09.2026 16:00;28.09.2026 18:00;Орехово Борисово Южное;Город Москва, ул.Генерала Белова, д. 28 к 2
307733355;Локальная заявка;Выполнена;Переключение на Гбит/с;28.09.2026 12:00;28.09.2026 14:00;Домодедово;Домодедово, ул.Жуковского, д. 1
307739718;Локальная заявка;Выполнена;Переключение на Гбит/с;28.09.2026 10:00;28.09.2026 12:00;Домодедово;Домодедово, пл.Гагарина, д. 6
307753047;Локальная заявка;Выполнена;Нет линка;28.09.2026 14:00;28.09.2026 16:00;Домодедово;Домодедово, ул.Ильюшина, д. 5/12
307823350;Локальная заявка;Выполнена;TVE/ENT/Яндекс.ТВ. Замена приставки техником;28.09.2026 16:00;28.09.2026 18:00;Домодедово;Домодедово, ул.Ильюшина, д. 11 к 2
307827939;Локальная заявка;Выполнена;Нет линка;28.09.2026 18:00;28.09.2026 20:00;Домодедово;Домодедово, ул.Жуковского, д. 11
307866685;Локальная заявка;Выполнена;Низкая скорость;28.09.2026 20:00;28.09.2026 22:00;Домодедово;Домодедово, ул.Речная, д. 12
307780192;Локальная заявка;Выполнена;Низкая скорость;28.09.2026 10:00;28.09.2026 12:00;Бирюлево Восточное;Город Москва, ул.Липецкая, д. 36/20
307781672;Локальная заявка;Выполнена;Переключение на Гбит/с;28.09.2026 12:00;28.09.2026 14:00;Бирюлево Восточное;Город Москва, ул.Лебедянская, д. 32
307794441;Локальная заявка;Выполнена;Нет линка;28.09.2026 12:00;28.09.2026 14:00;Бирюлево Восточное;Город Москва, проезд.Загорьевский, д. 7 к 2
307823180;Локальная заявка;Выполнена;Работа с кабелем;28.09.2026 14:00;28.09.2026 16:00;Бирюлево Восточное;Город Москва, ул.Липецкая, д. 14 к 1
307854985;Локальная заявка;Выполнена;Нет линка;28.09.2026 16:00;28.09.2026 18:00;Бирюлево Восточное;Город Москва, ул.Липецкая, д. 12 к 2
307756739;Локальная заявка;Выполнена;Переключение на Гбит/с;28.09.2026 14:00;28.09.2026 16:00;Домодедово;Домодедово, ул.Каширское шоссе, д. 91 к 1
307783103;Локальная заявка;Выполнена;Нет линка;28.09.2026 12:00;28.09.2026 14:00;Домодедово;Домодедово, проезд.Подольский, д. 8
307725452;Локальная заявка;Выполнена;Переключение на Гбит/с;28.09.2026 10:00;28.09.2026 12:00;Царицыно;Город Москва, ул.Бакинская, д. 16
307789945;Локальная заявка;Выполнена;Работа с кабелем;28.09.2026 18:00;28.09.2026 20:00;Царицыно;Город Москва, пр-кт.Пролетарский, д. 27
307814034;Локальная заявка;Выполнена;Рост ошибок на порту;28.09.2026 12:00;28.09.2026 14:00;Москворечье - Сабурово;Город Москва, пр-кт.Пролетарский, д. 21/24
307854194;Локальная заявка;Выполнена;Разрывы;28.09.2026 16:00;28.09.2026 18:00;Москворечье - Сабурово;Город Москва, ул.Кантемировская, д. 16 к 1А
307814037;Локальная заявка;Выполнена;Нет линка;28.09.2026 14:00;28.09.2026 16:00;Братеево;Город Москва, ул.Алма-Атинская, д. 10 к 1
307822789;Локальная заявка;Выполнена;Нет линка;28.09.2026 10:00;28.09.2026 12:00;Братеево;Город Москва, ул.Борисовские Пруды, д. 6 к 1
307823713;Локальная заявка;Выполнена;TVE/ENT/Яндекс.ТВ. Замена приставки техником;28.09.2026 10:00;28.09.2026 12:00;Братеево;Город Москва, ул.Братеевская, д. 35 к 3
307852878;Локальная заявка;Выполнена;Нет линка;28.09.2026 16:00;28.09.2026 18:00;Братеево;Город Москва, ул.Братеевская, д. 35 к 3
307583190;Локальная заявка;Выполнена;Переключение на Гбит/с;28.09.2026 14:00;28.09.2026 16:00;Орехово Борисово Северное;Город Москва, ул.Шипиловская, д. 38
307817066;Локальная заявка;Выполнена;Низкая скорость;28.09.2026 12:00;28.09.2026 14:00;Орехово Борисово Северное;Город Москва, ш.Каширское, д. 90 к 3
307740472;Локальная заявка;Выполнена;Разрывы;28.09.2026 10:00;28.09.2026 12:00;Орехово Борисово Южное;Город Москва, б-р.Ореховый, д. 10 к 1
307778034;Локальная заявка;Выполнена;Нет линка;28.09.2026 14:00;28.09.2026 16:00;Орехово Борисово Южное;Город Москва, ул.Ясеневая, д. 10 к 2
307793203;Локальная заявка;Выполнена;ТВ. Замена приставки техником;28.09.2026 16:00;28.09.2026 18:00;Орехово Борисово Южное;Город Москва, ш.Каширское, д. 142 к 2
307795277;Локальная заявка;Выполнена;ТВ. Замена приставки техником;28.09.2026 18:00;28.09.2026 20:00;Орехово Борисово Южное;Город Москва, ш.Каширское, д. 128 к 2
307822713;Локальная заявка;Выполнена;TVE/ENT/Яндекс.ТВ. Замена приставки техником;28.09.2026 16:00;28.09.2026 18:00;Зябликово;Город Москва, ул.Мусы Джалиля, д. 38 к 2
307822821;Локальная заявка;Выполнена;Роутер. Замена техническим специалистом;28.09.2026 18:00;28.09.2026 20:00;Орехово Борисово Южное;Город Москва, ул.Домодедовская, д. 27
307824711;Локальная заявка;Выполнена;Разрывы;28.09.2026 20:00;28.09.2026 22:00;Орехово Борисово Южное;Город Москва, ул.Домодедовская, д. 24 к 1
307833602;Локальная заявка;Выполнена;Нет линка;28.09.2026 10:00;28.09.2026 12:00;Зябликово;Город Москва, ул.Мусы Джалиля, д. 26 к 1
307593838;Локальная заявка;Выполнена;Нет линка;28.09.2026 20:00;28.09.2026 22:00;Бирюлево Западное;Город Москва, ул.Булатниковская, д. 4 к 2
307761810;Локальная заявка;Выполнена;Нет линка;28.09.2026 10:00;28.09.2026 12:00;Бирюлево Западное;Город Москва, ул.Медынская, д. 11
307816655;Локальная заявка;Выполнена;Нет линка;28.09.2026 12:00;28.09.2026 14:00;Бирюлево Западное;Город Москва, ул.Медынская, д. 8 к 2
307824140;Локальная заявка;Выполнена;Рост ошибок на порту;28.09.2026 16:00;28.09.2026 18:00;Бирюлево Западное;Город Москва, ул.Медынская, д. 14 к 1
307833197;Локальная заявка;Выполнена;IP-адрес 169...;28.09.2026 10:00;28.09.2026 12:00;Бирюлево Западное;Город Москва, проезд.Востряковский, д. 15 к 4
307833428;Локальная заявка;Выполнена;IP-адрес 169...;28.09.2026 12:00;28.09.2026 14:00;Бирюлево Западное;Город Москва, проезд.Востряковский, д. 11 к 1
307844068;Локальная заявка;Выполнена;TVE/ENT/Яндекс.ТВ. Замена приставки техником;28.09.2026 14:00;28.09.2026 16:00;Бирюлево Западное;Город Москва, ул.Харьковская, д. 4 к 2
307845178;Локальная заявка;Выполнена;Низкая скорость;28.09.2026 14:00;28.09.2026 16:00;Бирюлево Западное;Город Москва, ул.Медынская, д. 14 к 1
307839715;Локальная заявка;Просрочена;Нет линка;28.09.2026 12:00;28.09.2026 14:00;Бирюлево Восточное;Город Москва, проезд.Загорьевский, д. 7 к 2
307846341;Локальная заявка;Просрочена;ТВ. Замена приставки техником;28.09.2026 20:00;28.09.2026 22:00;Орехово Борисово Южное;Город Москва, ул.Домодедовская, д. 34 к 1
307758559;Локальная заявка;Просрочена;Переключение на Гбит/с;28.09.2026 12:00;28.09.2026 14:00;Кашира;Кашира, ул.Кржижановского, д. 1 к 3
307762093;Локальная заявка;Просрочена;Низкая скорость;28.09.2026 12:00;28.09.2026 14:00;Ступино;Ступино, пр-кт.Победы, д. 14
307786417;Локальная заявка;Просрочена;Нет линка;28.09.2026 10:00;28.09.2026 12:00;Царицыно;Город Москва, ул.Бакинская, д. 2
307817865;Локальная заявка;Просрочена;Нет линка;28.09.2026 14:00;28.09.2026 16:00;Царицыно;Город Москва, ул.Кантемировская, д. 39
307841327;Глобальная проблема;Выполнена;Авария;28.09.2026 0:01;28.09.2026 23:59;Орехово Борисово Южное;Москва Каширское ш. д. 134
307852108;Глобальная проблема;Выполнена;Авария;28.09.2026 0:01;28.09.2026 23:59;Орехово Борисово Южное;Москва Шипиловский пр-зд. д. 63к1
307840153;Глобальная проблема;Выполнена;Информация;28.09.2026 16:00;28.09.2026 18:00;Братеево;г.Город Москва, ул.Братеевская, д. 23к1
307840318;Глобальная проблема;Выполнена;Информация;28.09.2026 14:00;28.09.2026 16:00;Орехово Борисово Северное;г.Город Москва, ш.Каширское, д. 84к1
307866801;Глобальная проблема;Просрочена;Авария;28.09.2026 0:01;28.09.2026 23:59;Кашира;МО, г. Кашира Ленина ул. д. 9
